#OTU ID,Z1-C,Z1-N,Z11-C,Z11-N,Z13-C,Z13-N,Z18-C,Z23-C,Z23-N,Z26-C,Z26-N,Z28-C,Z28-N,Z29-C,Z29-N,Z32-C,Z32-N,Z36-C,Z36-N,Z39-N,Z4-C,Z4-N,Z40-C,Z40-N,Z43-C,Z43-N,Z44-C,Z44-N,Z45-C,Z45-N,Z46-C,Z46-N,Z5-C,Z5-N,Z6-C,Z6-N
5e2a5c212bc5883e95a9516fc877b27c,0,0,135,140,2485,568,0,0,0,498,8097,0,0,370,0,7708,487,0,0,0,0,0,4789,4222,25570,0,0,8,1552,11061,0,0,0,0,0,0
009f253c714be68cc604a118e3e05558,1663,186,1808,4577,1646,0,0,0,3997,0,874,321,0,0,787,0,2249,758,106,16326,218,189,0,0,58,0,1808,0,0,332,0,165,0,81,0,0
2bd7c794989367516df4c468a397b257,539,2397,0,134,1099,240,1970,190,1229,695,1965,3100,1098,38,609,1774,454,1591,1994,0,346,1287,0,729,854,102,1705,1196,1692,874,103,675,1348,1417,3578,479
e093ec98cfe3faaac29efef98d3d3e5c,483,2153,0,109,992,202,1796,146,1148,552,1772,2603,1019,0,507,1553,417,1514,1700,0,320,977,0,583,677,128,1530,974,1367,672,49,538,1104,1054,3029,433
cf56e576fc47b79792a7fa4f89add4a2,0,0,26461,816,55,0,0,0,0,0,0,0,0,59,0,0,0,0,0,34874,0,0,0,0,0,0,0,0,0,0,0,0,0,0,0,1235
4e3efcca958ce10c9d5ea49b1c26d270,512,1878,84,137,957,190,1562,130,974,561,1563,2341,946,0,495,1364,353,1404,1582,0,325,994,0,487,706,95,1345,1023,1347,625,0,579,1098,1145,2616,382
c7ea01bd0567f2b42169dfde97a6a3fa,405,1930,106,118,773,178,1464,120,1015,522,1538,2286,798,0,504,1333,355,1280,1484,0,296,924,0,531,645,86,1277,941,1226,741,0,574,1059,1011,2523,408
22a5f69dcf256ae504bf745356baa5be,533,1898,111,107,861,157,1438,101,938,522,1446,2123,770,0,481,1260,344,1324,1438,0,298,900,0,520,675,79,1260,887,1204,669,78,536,929,1066,2512,357
39547c6b93044d5e2b234521952c683f,449,1749,0,105,814,194,1458,131,927,528,1431,2208,845,0,466,1238,350,1301,1445,0,295,940,0,534,679,84,1335,938,1198,646,0,527,964,1004,2547,362
78de368e2228a18ef5de41b81a60cbbe,485,1797,30,107,864,182,1421,114,1070,499,1503,2218,881,0,458,1238,318,1237,1319,0,265,970,0,489,620,105,1280,897,1171,651,77,464,1036,911,2460,382
c8780bed3ab2556ea86a17c52ace1d70,9,0,0,175,0,0,0,0,955,0,3036,0,0,0,0,0,0,71,0,9,8946,36893,0,0,0,0,0,0,0,0,0,0,925,968,0,0
2e2af69fce091b60c3ae1066b3d0282e,0,0,0,0,0,0,0,0,0,475,180,0,0,0,0,668,0,132,703,0,4669,1720,0,0,4694,0,819,0,1823,2179,18834,0,509,0,0,1273
62e79efd15b92473e25da73b597c7125,0,0,14730,15887,0,0,0,0,0,0,0,16,0,0,0,0,0,0,0,0,0,0,0,0,0,0,0,0,0,0,0,0,0,0,0,0
65d815c82ad383d4949ea15f9f425e98,0,0,0,0,0,0,135,0,154,0,0,0,0,35,0,0,0,0,0,0,0,0,0,0,0,0,0,0,0,0,332,0,384,0,0,0
85f6de8738a071caa3093a13e9e2bf1c,1437,14,0,0,0,0,0,133,54,1468,335,102,0,271,42,0,24,0,682,0,0,158,0,0,456,0,1053,55,0,403,511,288,2213,700,322,0
c7a009ec05d19d90c8c273878f5cace0,0,0,0,0,0,0,0,0,1401,0,0,0,0,205,330,348,0,0,0,0,0,713,0,0,0,872,1269,475,0,0,0,72,38,0,0,1532
88968b1a8b5abfc789dfca84d87f3e15,0,0,7370,7564,0,0,0,0,0,0,0,0,0,0,0,0,0,0,0,0,0,0,0,0,0,0,0,0,0,0,0,0,0,0,0,0
7978d01059c82edd6d23e88975afc900,30,0,0,3911,0,0,0,0,0,0,0,0,0,0,0,0,550,4,0,0,10755,469,0,0,0,0,0,0,0,13,0,0,0,0,0,0
529a8bbc5807b102ad33e6189a77db5e,0,0,0,0,0,0,0,0,0,0,49,226,0,3976,0,0,287,0,0,0,0,0,0,0,261,0,0,0,0,0,172,18,0,0,0,0
3096f7f19e26b77e62d54eb70911f272,0,0,0,0,1856,0,0,2720,43,0,0,241,0,0,0,0,0,0,0,0,0,0,384,0,0,0,1216,0,0,0,0,0,0,0,0,0
f4075edaf3548c8f38f4a39c3506b040,0,0,0,87,0,0,0,0,0,0,0,0,0,2188,0,0,0,0,0,0,0,0,0,0,0,0,0,0,0,0,2125,0,0,0,3,0
45eb12e7fefe4b13a5a617384d867156,15,0,0,0,0,0,0,0,0,0,0,319,0,5,0,0,0,0,0,0,0,0,0,0,20,0,0,18,0,0,214,0,0,0,0,0
89665d79d2234790629ea10dca8543e0,0,0,3513,3446,0,0,0,0,0,0,0,0,0,0,0,0,0,0,3,0,0,0,0,0,0,0,0,0,0,0,0,0,0,0,0,0
a363671f88d04738a319a563afeccf62,0,0,0,0,0,0,0,0,0,616,0,0,0,0,0,0,0,0,0,0,0,0,0,0,0,0,0,0,0,0,374,0,0,566,3377,0
befcb319f96e5be9dcc32e3680776e9f,0,0,0,0,0,0,989,0,8,0,0,0,0,0,0,10,0,0,0,0,0,0,0,0,280,0,99,0,0,0,0,0,2356,0,0,391
fd82fcb2450512c32b6cf03cc85b69db,0,286,0,0,254,0,215,0,0,115,0,0,83,0,0,147,92,0,122,0,0,322,0,0,0,0,399,0,0,0,0,0,0,134,169,133
7a9bbb6d16ccffe805cac63f3d5fb3b3,0,121,0,0,57,0,0,0,83,0,100,112,30,0,0,232,158,169,62,0,119,150,0,0,53,308,718,71,182,0,0,189,0,133,119,107
fa74951275aaff5c68cd1bbc0d894c6b,0,0,0,0,0,0,0,0,0,94,198,0,0,0,0,0,0,0,0,0,0,0,0,0,70,0,0,3,0,0,0,0,349,0,0,186
8ddbfae19dce9618480c71054b569869,0,0,0,24,0,0,0,10,105,12,205,58,0,17,0,0,150,0,0,0,0,365,0,0,104,0,0,54,0,126,197,0,0,0,0,0
f61647611cec0e9e6d649e660d8ab922,0,0,0,0,0,0,0,0,0,0,0,5192,0,0,0,0,0,0,0,0,0,0,0,0,251,0,0,0,0,0,0,0,0,0,0,0
9a28cb8bfe4ac4fce596941d99a39efe,0,0,0,0,0,0,0,0,0,0,0,0,0,0,0,0,0,0,0,8,0,0,537,0,0,0,0,0,0,0,0,0,0,0,0,115
12f181fd11e2f655230e28571a0dc6e6,36,586,0,24,0,0,0,0,459,0,0,0,0,0,0,0,145,0,0,0,0,0,0,0,0,0,0,8,0,0,0,0,0,0,0,0
73f8b5f52219ef62aef477d189106f60,0,0,17,68,0,0,0,0,2042,0,227,0,0,0,0,0,166,0,0,0,0,6,0,0,361,0,0,0,0,0,47,0,0,0,0,0
667c6770eb68bfbc98fbb2067d607886,0,86,0,0,79,0,0,0,143,0,131,86,0,0,0,192,133,0,0,0,99,108,0,0,87,280,614,46,0,0,0,171,72,128,79,113
a7bbda6fedcca34df35054b0b01f53fe,0,0,0,0,0,0,0,0,2,0,0,0,0,16,0,0,0,0,0,0,0,0,0,0,0,0,0,0,0,0,0,0,0,0,0,0
3a0267e25c9b43e77e0f52ba955a624c,0,0,0,0,0,0,0,0,0,0,446,445,0,56,0,0,0,94,505,0,10,0,0,155,0,0,0,0,0,0,0,0,110,0,378,0
475032c774a23b3d0f0652e589bc4526,0,0,0,25,0,0,0,0,28,0,560,0,0,0,0,0,0,0,0,0,0,0,0,180,0,0,0,0,0,0,379,0,0,0,0,0
4a9eba678a7aecbc887ea09bfce8dc2e,0,127,0,0,74,0,0,0,75,0,99,79,143,0,0,175,45,0,130,0,99,133,0,0,42,215,527,96,0,0,0,163,0,134,102,81
3016de8e0b5f16495f5f7b98621e56aa,0,0,0,0,0,0,0,0,0,0,1120,0,0,0,0,0,0,0,0,0,0,0,0,0,0,0,0,0,0,0,0,0,0,0,0,0
d43fb3f1c63fdecdc64d734d2cb60eb4,0,0,0,0,0,0,0,0,0,0,0,0,0,0,0,0,0,0,0,0,0,0,0,0,23,0,0,0,0,0,0,0,0,0,0,0
f95696b93e1f3b8035ca952bd92a6f7d,0,0,0,0,0,0,0,0,0,0,16,0,0,0,588,12,0,88,0,0,0,0,0,0,0,0,0,0,0,0,157,0,0,19,0,1155
50cb832342a567468d29244abb563b3b,203,0,31,47,0,0,0,0,0,362,0,0,0,0,0,0,0,0,0,0,0,0,0,0,0,0,0,4,0,0,0,0,0,0,0,0
17826560117c5219ff5cc22d4449d738,0,133,0,162,0,0,0,0,112,0,57,90,0,0,0,159,0,0,0,0,73,104,0,0,0,205,429,0,0,0,0,127,0,0,74,64
505cdd28dcd0b23e46f7c461816d2387,0,0,14,0,0,0,0,0,0,0,508,155,0,111,0,12,0,18,0,0,684,0,154,196,199,0,0,31,0,0,53,0,0,0,0,0
200084b63c504423d64f89e7dd2adb1e,0,0,0,0,0,0,0,0,0,0,0,0,0,0,0,0,553,0,0,9,0,0,0,0,0,0,53,0,0,0,0,0,1358,0,0,0
dee21aa7a0186e8c3cda11bc6b71d03e,0,0,0,0,0,0,0,0,0,0,0,0,0,0,0,0,0,0,0,0,0,0,0,0,0,0,1592,0,0,0,0,0,0,0,521,0
d23e3379a61e5cfd89a1c667c1627f61,0,0,0,0,0,0,0,0,0,0,0,0,0,0,0,29,0,0,0,0,0,0,0,0,0,0,0,0,0,0,0,0,0,0,0,0
99b4e30ee0f407a38dda90ffc723317b,0,0,0,0,0,0,0,0,0,0,0,1052,0,0,0,0,0,0,0,0,0,0,0,0,0,0,0,0,0,0,0,0,0,0,0,0
1ec05c5fe53ae05dd4fde14cb5435f00,0,0,0,0,0,0,0,0,0,0,180,0,0,0,0,285,0,0,0,0,0,0,0,0,0,356,0,0,0,0,0,0,1816,0,0,0
6f13a3c53dc56ed84743aad1ecfc3d64,0,103,0,32,0,0,0,0,0,0,0,0,0,0,0,0,375,0,0,0,0,0,0,0,0,0,0,0,0,0,0,0,0,0,0,0
760780938d5d800ab5a5aa6d6d8ae16f,0,0,0,0,0,0,0,0,92,0,338,0,0,0,167,0,0,0,0,0,0,0,0,0,430,0,0,0,135,0,24,0,0,0,0,0
0da1d1c7814ea45dc26d0b90fc3d22a4,0,0,0,0,0,0,0,0,0,0,0,0,0,5,0,23,0,0,0,0,0,0,0,0,0,0,0,0,0,0,0,0,0,0,0,0
da9d6eec3d9fbb21c028bf7287f84e7f,0,0,0,20,0,0,0,0,0,0,0,0,0,0,0,894,0,0,0,0,0,0,0,0,0,0,0,0,0,0,0,0,529,0,0,0
01fd0671b4eb80a52fc6f1a936351a0b,0,0,0,0,0,0,0,0,0,0,266,0,0,0,0,0,102,35,0,0,0,0,0,0,0,0,0,0,0,1910,0,0,0,0,0,0
47a397005890de5682eecc9de0c07ec7,0,0,0,0,0,0,0,0,0,0,0,0,0,0,0,0,0,0,0,0,0,0,0,0,0,0,0,0,0,0,0,0,60,0,2364,0
7bdee30b906dea46aace259cfe385391,0,0,0,0,0,0,0,0,0,0,0,0,0,0,0,0,0,0,0,0,0,0,0,0,0,0,2383,0,0,0,0,0,0,0,0,0
6408d5b1073c98509c17cb954247ff20,0,64,0,0,0,0,0,0,23,0,270,0,6,0,0,331,0,52,7,0,0,245,0,0,4,0,0,3,0,4,23,0,6,0,8,0
290cedd37a0f8597542ee3a8dc965310,0,55,0,0,79,0,0,0,0,0,64,0,0,0,0,96,0,0,0,0,0,68,0,0,100,149,254,0,0,0,0,88,80,0,0,0
3c1f86c7c8004f6ddbe039997ba91233,0,0,0,9,0,0,0,0,0,0,0,0,0,359,0,0,212,0,0,0,0,0,0,0,0,0,0,0,4,0,0,0,0,0,0,0
67015ffe67e7153314076aa7b39ea9e3,0,0,0,0,0,0,0,0,0,0,0,0,0,0,0,0,0,0,0,2251,0,0,0,0,0,0,0,0,0,0,0,0,0,0,0,0
3349f704173c7c14933b3e4fa38cad90,0,0,0,0,0,0,0,0,0,0,2232,0,0,0,0,0,0,0,0,0,0,0,0,0,0,0,0,0,0,0,0,0,0,0,0,0
413cf1b84df31fd5b205fb3f90935a2c,0,176,0,93,0,0,0,0,18,0,639,0,0,0,0,0,0,0,0,0,0,14,0,0,14,0,0,0,0,982,0,0,0,125,0,0
b67729378d242144cb704257e5637fe0,0,0,0,0,0,0,0,0,0,0,410,0,0,0,0,0,0,0,0,0,0,0,0,0,0,0,0,0,0,0,0,0,0,0,0,0
594c7f746a8dda701bbc929681856321,0,0,0,0,0,0,0,0,0,0,82,0,0,0,0,0,756,0,0,0,0,0,0,0,0,0,0,0,0,0,0,0,0,0,0,0
720bc6f707310654001a5511c5513f8e,0,0,0,0,0,0,0,0,21,0,0,0,0,633,0,0,139,0,0,0,0,93,0,0,0,0,0,0,0,0,257,0,0,0,0,0
ecf9bf80ce9959b3d955f18cca0ea927,0,0,0,0,0,0,0,0,0,0,0,0,0,0,0,0,0,295,1351,0,0,0,0,0,0,0,0,0,0,0,0,0,0,0,0,0
80fd70ab4e082007c0afa4a838de9b8b,0,0,0,0,0,0,0,0,0,0,475,0,0,29,0,0,0,0,0,0,0,0,0,0,0,0,0,0,0,0,0,0,0,931,0,0
5e92e3f8f23b15b2531edb4a639fcc29,0,0,0,0,0,0,0,0,0,0,0,0,0,0,0,0,0,0,0,0,0,0,0,0,0,0,0,0,0,0,0,0,0,1586,0,0
fa92bea81b60dfc835dae44970fcc9e1,0,95,0,0,0,0,0,0,0,135,0,116,52,0,0,0,0,0,0,0,0,0,0,0,0,0,236,0,0,102,0,172,0,0,0,0
4a461cb413c632f168aa6df1a239f6fe,0,0,0,0,0,0,0,0,0,0,0,0,0,0,0,0,0,0,0,0,0,0,0,0,0,0,0,1561,0,0,0,0,0,0,0,0
675ba801a7baeed8c75900bc46d64a68,0,0,0,0,0,0,0,0,0,0,0,0,0,0,0,0,29,0,0,0,0,0,0,0,3,0,0,0,0,0,0,0,0,0,0,0
fbdc1f17b1bf93a7ae21caf99727b337,0,0,0,20,0,0,0,0,0,0,125,0,0,0,0,822,0,0,0,0,0,0,0,0,0,0,0,0,0,0,0,0,0,0,0,0
398b27788c69fdc5fe17a1f8b223147a,0,0,0,0,0,31,0,0,0,0,0,0,0,0,0,40,0,0,146,0,0,0,0,0,0,0,0,0,0,0,0,0,0,0,0,0
750ef16a0bce6b3432574da4308bcf12,0,0,0,0,0,0,0,0,0,0,0,0,0,44,0,0,0,0,0,0,0,0,0,0,0,0,0,0,0,0,0,0,0,0,0,0
44b45826d4aac550205687a39442d966,0,0,0,0,0,0,0,0,9,0,859,0,0,0,0,13,0,88,0,0,0,0,0,0,0,8,0,0,0,35,0,0,0,0,0,0
a4c405ebc46eb04af87a23595f0b9323,0,0,0,0,0,0,0,0,0,0,0,0,0,0,0,0,0,0,0,0,0,0,0,0,0,0,0,61,0,0,0,0,0,0,0,0
2892148bc396d61aa00b045952c7d2f8,60,0,0,0,0,0,0,0,0,0,0,0,0,0,0,0,27,0,0,0,0,0,0,0,0,0,71,0,0,0,0,0,0,0,0,284
0f385f5158aa1ac6238cd718b8f38a9c,0,0,0,0,0,0,0,0,0,0,0,0,0,0,0,0,0,0,0,0,0,0,0,0,104,0,0,0,0,0,0,0,0,0,0,0
0baee069c1409931e514d161309784aa,0,0,0,0,0,0,0,0,0,0,0,0,0,0,0,0,0,0,1382,0,0,0,0,0,0,0,0,0,0,0,0,0,0,0,0,0
ec2c790205412285b4864b4ed7fd2596,0,0,0,0,0,0,0,0,30,0,0,0,0,0,0,0,0,0,0,0,0,0,0,0,0,0,47,0,0,0,0,0,0,0,0,0
4ffd180423492e2e7f6262dcc1f6883a,0,0,0,0,0,0,0,0,0,0,0,0,0,0,0,0,0,0,0,0,0,0,0,0,0,0,0,0,0,0,0,0,0,0,1351,0
2a285a6cb5620b09005d570997466c7b,0,0,0,0,0,0,0,0,0,0,0,0,0,0,0,0,0,0,0,17,0,0,0,0,0,0,1319,0,0,0,0,0,0,0,0,0
1595ff9c053f5bf4ea8e166c72ab5550,0,0,0,0,0,0,0,0,0,0,0,0,0,0,0,0,0,4,0,0,0,0,0,0,0,0,0,0,0,0,0,0,0,0,0,0
7be6c0979d86f77df967c168c86a6fcb,0,0,0,0,0,0,0,0,0,0,0,0,0,0,1300,0,0,0,0,0,0,0,0,0,0,0,0,0,0,0,0,0,0,0,0,0
9d1dbf9a741f537ca8d0679f8a8532d3,0,0,0,0,0,0,0,0,0,0,1297,0,0,0,0,0,0,0,0,0,0,0,0,0,0,0,0,0,0,0,0,0,0,0,0,0
ced965adcc620b808d41cafc8ba390be,19,0,0,0,0,0,0,0,0,0,0,0,0,33,0,3,0,0,0,0,0,0,0,0,0,0,0,0,0,0,0,0,0,0,0,0
09e451760b1d659ab0f7e515b969b1ba,0,0,0,0,0,0,0,0,0,0,0,0,0,0,0,0,0,0,0,0,0,0,0,0,0,0,0,0,0,0,0,0,1254,0,0,0
4f324c98f1328dc4c884d5a05910d2c6,0,0,0,0,0,0,0,0,0,0,0,0,0,0,0,0,0,0,0,0,0,0,0,0,24,0,0,0,0,0,0,0,0,0,0,0
d4d3dc6a184e19d0d4ab3789c6e0ff99,0,0,0,0,0,0,0,0,0,0,68,0,0,0,0,0,0,0,478,0,0,108,0,0,0,0,0,139,0,0,0,0,0,0,0,0
36b0da9176b72c6ab12f0e0b88f09b7d,0,0,0,0,0,0,0,0,0,0,0,0,0,0,0,0,0,0,0,0,0,0,0,0,2,0,0,0,0,0,0,0,0,0,0,0
c2d0b8afd06ec118d92bc3eeca8883a5,0,0,0,0,0,0,0,0,0,0,0,0,0,0,0,0,97,0,595,0,0,0,0,0,0,0,0,0,0,0,0,0,258,0,0,0
637e3a22fa3acf317911043df3a3aa8e,0,0,0,0,0,0,1215,0,0,0,0,0,0,0,0,0,0,0,0,0,0,0,0,0,0,0,0,0,0,0,0,0,0,0,0,0
a6ac5b67f8762be35f4628be4ec3c757,0,0,0,0,0,0,0,0,0,146,0,0,83,0,0,0,0,0,0,0,0,0,0,0,0,0,262,0,0,0,0,228,0,0,0,0
e54ee656dc2559778811ea22976c4044,0,0,0,0,0,0,0,0,0,0,0,0,0,0,0,0,0,0,0,0,0,0,0,0,0,0,0,0,641,234,0,0,0,35,0,0
5cdc29aaf4b4f4346f18800b107d498b,0,0,0,0,0,0,0,0,0,0,0,0,0,0,0,0,0,0,0,0,0,0,0,0,0,0,0,0,0,0,0,0,1204,0,0,0
4b81a277a759e434f5f3afe7eacbbeb5,0,342,0,2,0,0,0,0,0,36,215,65,0,0,0,0,0,0,0,0,0,0,0,0,12,0,0,0,0,0,0,0,0,0,0,0
7de21e4dd7afcee024379ef5e07ff52a,0,0,0,0,0,0,0,0,0,0,0,0,0,0,0,0,0,0,0,0,0,0,0,0,0,0,0,0,0,0,0,0,1099,0,0,0
b929da06424bdcedaba9a26e93c8d971,0,63,0,0,0,0,0,0,0,134,0,0,105,0,0,0,0,0,0,0,0,0,0,0,0,0,218,0,0,80,0,181,0,0,0,0
049319644e072cd0bce826cbed4c5c56,0,0,0,0,0,0,0,0,0,0,0,0,0,0,0,0,0,0,0,0,0,0,23,0,0,0,0,0,0,0,0,0,899,0,0,0
68e241e4114a65de918747164ab6e990,0,0,0,2,0,0,0,0,0,0,0,0,0,0,0,0,0,0,0,0,0,0,0,0,0,0,0,0,0,0,0,0,130,0,0,0
91aa1edb388b1d26de54ff754b024d0e,0,0,0,0,0,0,0,0,910,0,0,0,0,0,0,0,0,0,0,0,0,0,0,0,0,0,0,0,157,0,0,0,0,0,0,0
bc5c7a5983c3c6efd2e2e64f4fdc1498,0,0,0,22,0,0,0,0,0,0,0,0,0,0,0,0,0,0,0,0,0,0,0,0,0,0,0,0,0,0,0,15,0,0,0,0
38087c72f2d83a8b7430e61ba8fbcce0,0,0,0,0,0,0,0,0,0,0,0,0,0,0,0,0,531,0,0,0,0,0,0,0,0,0,0,0,0,0,0,0,0,0,0,0
af669a2fd78bb73f27aa042e7683e56f,0,0,0,0,0,0,0,0,0,0,0,0,0,0,0,0,0,232,0,0,0,157,0,0,0,0,0,0,0,0,0,0,0,0,0,0
4c3c09e9f1e9da23333803b66819956d,0,11,0,44,0,0,0,0,0,0,0,0,0,16,0,0,88,0,0,0,0,0,0,246,0,0,0,0,0,0,0,0,0,0,0,0
9d033763b2c9f8158759d3a9e4b04049,0,0,0,0,0,0,0,0,0,0,55,0,0,0,0,0,0,0,0,0,0,0,0,0,0,0,0,0,0,0,0,0,0,0,0,0
67af5ed967d660f3b8d6793478dc666e,0,0,0,0,0,0,0,0,0,0,0,0,0,0,0,0,0,0,0,0,0,61,0,0,0,0,0,0,0,0,0,0,0,0,0,0
90f1977fea04ae56886e02843c3edf84,0,0,0,0,0,0,0,0,0,0,0,0,0,0,0,0,0,0,0,0,0,0,0,0,0,0,970,0,0,0,0,0,0,0,0,0
1741a9ad991e94dce7f60aef9d6e3901,0,3,0,0,0,0,0,0,0,0,0,0,0,0,0,0,0,0,0,0,0,0,0,0,0,0,0,0,0,0,962,0,0,0,0,0
f83c4da9e3fd0fbe09471a618e2193ab,0,0,0,0,0,0,0,0,0,0,964,0,0,0,0,0,0,0,0,0,0,0,0,0,0,0,0,0,0,0,0,0,0,0,0,0
8ab918087428329e5bcc1aa06ab7a178,0,0,0,0,0,0,0,0,0,0,0,0,0,0,0,0,0,0,0,0,0,0,0,0,0,0,0,0,0,726,0,0,0,0,0,0
6a4eeae475c0bf62a3bd06e5692b3f42,0,0,0,0,0,0,0,0,0,0,0,0,0,0,0,0,0,0,0,0,0,184,0,0,0,0,748,0,0,0,0,0,0,0,0,0
227ab52f00dd6fbaad7f8b5e5e5dce31,0,0,0,0,0,0,0,0,0,0,136,0,0,59,0,0,505,0,0,0,0,0,0,0,227,0,0,0,0,0,0,0,0,0,0,0
7dab47834ae4db82925ed9b3bb6910f9,0,29,0,0,0,0,0,0,0,0,0,0,0,0,0,0,0,0,0,0,0,0,0,0,454,0,0,0,0,0,0,0,0,0,0,0
84c1da6c1781caa10529666cd804c8b5,0,0,0,0,0,0,0,0,0,0,0,0,0,0,900,0,0,0,0,0,0,0,0,0,0,0,0,0,0,0,0,0,0,0,0,0
536a4590b8f74b32475dc39c6cbdd634,0,0,0,0,0,0,0,0,0,112,0,0,0,0,0,0,0,0,0,0,0,0,0,0,0,0,148,0,0,0,0,124,0,0,0,0
f29204351c620bb329745f1285a1fd62,0,0,0,0,0,0,0,0,0,0,0,0,0,0,0,11,0,0,0,0,0,0,0,0,68,0,0,0,0,0,0,0,0,0,0,0
fb2e4362bd9e075fa81edcf5d747e5fe,0,0,0,0,183,0,0,0,0,0,88,0,0,0,0,0,0,0,0,0,0,0,0,0,0,0,0,32,0,389,0,0,0,0,0,0
81f223bb0906b4d7a08ecc93dcb536e5,0,0,0,0,0,0,0,0,0,0,0,0,0,0,816,0,0,0,0,0,0,0,0,0,0,0,0,0,0,0,0,0,0,0,0,0
7d661933f7fe2a740702eb2c023b6ce7,0,0,0,0,0,0,0,0,33,0,319,0,0,0,0,0,0,0,0,0,0,0,0,0,0,0,0,0,0,0,0,0,0,0,0,0
a2ead109cf600d15949b3cfd25efe79a,0,0,0,26,0,0,0,0,0,0,0,0,0,0,0,0,0,0,0,0,0,0,0,0,0,0,0,0,0,0,0,0,0,0,0,145
f117d15e0aa8fe730c932f0413f67d6b,0,0,0,0,0,0,0,0,0,0,0,0,0,0,0,0,0,0,0,0,799,0,0,0,0,0,0,5,0,0,0,0,0,0,0,0
233ac21fcbe1b54b6d5f264c649d9129,0,0,0,0,0,0,0,0,0,0,0,0,0,0,0,0,0,0,0,0,0,0,0,0,0,0,0,0,0,0,0,0,0,0,0,802
04a7476b95ce68d1612df8aa0b2bd426,0,0,0,0,0,0,0,0,0,0,0,0,0,31,0,0,0,0,0,0,0,0,0,0,0,0,676,0,31,0,0,0,0,0,0,0
184800c20fbfa11800fa57d7d0ea706e,0,0,0,0,0,0,0,0,0,0,0,0,0,0,0,0,0,687,0,0,0,0,0,0,0,0,0,0,0,0,0,0,0,0,0,0
9bda107e2a5654e2511e6dc5c58a39c0,0,0,0,0,0,0,0,0,0,0,0,744,0,0,0,0,0,0,0,0,0,0,0,0,0,0,0,0,0,0,0,0,0,0,0,0
b9b010b4c35d68ea7ec94fb2eb24d97f,0,0,0,0,0,0,0,0,0,0,0,0,0,0,0,0,510,0,0,0,0,0,0,0,0,0,0,0,0,0,0,0,0,0,0,0
c036733606f18c36f4c28ff5589e11a8,0,0,0,0,0,0,701,0,0,0,0,0,0,0,0,0,0,0,0,0,0,0,0,0,0,0,0,0,0,0,0,0,0,0,0,0
79cee7bd0d177241d2c6a43fdd2dd574,0,0,0,0,0,0,0,0,0,0,0,0,0,0,0,0,382,0,0,0,0,0,0,318,0,0,0,0,0,0,0,0,0,0,0,0
2ba61369a41fdde97e5ee52dd8dbbcc6,0,0,0,0,0,0,0,0,0,0,0,0,0,0,0,0,0,0,0,0,0,0,0,0,0,0,676,0,0,0,0,0,0,0,0,0
5c870e0ee3b4ba49e6bdef706f9fdc03,0,0,0,0,0,0,0,0,0,0,0,0,0,0,0,0,0,0,0,0,0,0,0,0,0,0,0,0,0,0,0,0,184,0,0,0
630f11416b76e7356bc5bfc8b551dae0,0,0,0,0,0,0,0,0,0,0,0,10,0,0,0,0,0,0,0,0,0,0,0,0,0,0,0,0,0,0,0,0,0,0,0,0
ec7141f8428a5932d557f2219ccd0ce4,0,0,0,0,0,0,0,0,0,0,681,0,0,0,0,0,0,0,0,0,0,0,0,0,0,0,0,0,0,0,0,0,0,0,0,0
5de3ecba083e01a4c286946fe36b798e,0,0,0,0,0,0,0,0,0,0,0,0,0,58,0,0,0,0,0,0,0,0,0,0,0,0,0,0,0,0,0,0,0,0,0,0
21a2e2f38ca98cd9f11341667344bdba,178,31,0,0,0,0,0,0,0,0,0,0,0,0,0,0,0,0,0,59,0,0,0,0,0,0,0,2,0,0,0,0,0,0,0,0
3f21351792a821df7373f75c3c48f519,0,0,0,0,0,0,0,0,0,0,0,0,0,0,0,0,0,0,0,317,0,0,0,0,0,0,0,0,0,0,0,0,131,0,0,0
e72b0e464a841d86079d4beb0a56c9c5,0,0,0,22,0,0,0,0,0,0,0,0,0,0,0,0,0,0,0,133,0,0,0,0,0,0,0,19,134,0,0,0,0,0,0,0
ef3420ce70ab1c1d6fa4871176c92c0a,0,0,0,0,0,0,0,0,0,232,0,0,0,0,0,0,0,0,0,0,0,0,0,0,0,0,0,0,0,0,0,0,0,0,0,0
94e0f2225a686a28f81937bc5b62c3fe,0,0,0,0,0,0,0,0,0,0,0,0,0,125,0,0,37,0,0,0,0,0,0,0,459,0,0,0,0,0,0,0,0,0,0,0
7284c1373ba39a1a7fbd306d9c956510,0,0,0,0,0,0,0,0,0,0,0,0,0,0,0,0,0,0,0,0,0,0,0,0,0,0,617,0,0,0,0,0,0,0,0,0
2e14d7a48c83d9f05a244e9e9570f2cd,0,0,0,0,0,0,0,0,0,0,0,0,0,0,0,0,0,0,0,0,0,0,0,0,0,0,0,0,0,0,609,0,0,0,0,0
8471af37de5ef5d468dbea996f77c31e,0,0,0,0,0,0,0,0,0,0,0,0,0,0,0,0,0,0,0,0,0,0,0,0,0,0,0,0,0,0,0,0,583,0,0,0
924d31f0c5c45f09fe846dd65f97ef9e,0,0,0,0,0,0,0,0,475,0,0,0,0,0,0,0,0,0,0,0,0,0,0,0,0,0,0,0,0,0,0,0,0,0,0,0
606988ec33007e9358c949beeee269b3,0,0,0,0,0,0,0,0,0,0,0,0,0,0,0,117,0,0,0,0,0,0,0,0,0,0,0,0,0,78,0,0,0,0,0,0
1abeb9ff851a6fa9b06600605f8a89a4,0,0,0,2,17,0,0,0,55,0,8,0,0,0,0,0,0,33,0,0,0,0,0,0,0,0,0,0,0,0,0,0,0,11,0,0
e8e8debd46bf9e1c5695aef5a80e6781,0,0,0,0,0,0,0,0,0,0,0,0,0,0,0,0,0,0,0,0,0,560,0,0,0,0,0,0,0,0,0,0,0,0,0,0
998713ee596c199579829176a1bcfabd,0,0,0,0,0,0,0,0,0,0,0,0,0,0,0,0,0,0,250,0,0,0,0,0,0,0,0,0,0,0,0,0,0,0,0,0
a4ad99d5384ed3afdbfde70d3f359154,0,0,0,0,0,0,0,0,0,0,0,362,0,0,0,0,0,0,0,0,0,0,0,0,0,0,0,0,0,0,0,0,0,0,0,0
2047372cd101a3d323e4c67493dadd90,0,0,0,0,0,0,0,0,0,0,0,0,0,0,0,0,0,0,0,0,0,0,0,538,0,0,0,0,0,0,0,0,0,0,0,0
963ac9996aac8a22eddfb2d23f3c15fe,0,0,0,0,0,0,0,0,0,0,0,0,530,0,0,0,0,0,0,0,0,0,0,0,0,0,0,0,0,0,0,0,0,0,0,0
cb02f4e1e0f20033dc33bd7c8892df6d,0,0,0,0,0,0,0,0,0,0,0,8,0,0,0,0,0,0,0,0,0,0,0,0,0,0,415,0,0,0,0,0,0,0,0,0
ccc246de821928e4cdab4c1c0ac19625,0,0,0,0,0,0,0,0,0,0,0,0,0,0,0,0,0,0,0,0,0,0,0,0,0,0,0,3,0,0,0,0,0,0,0,0
c495a4eabd99dd81c6504e3cf49d8f84,0,50,0,0,0,0,0,0,0,0,0,0,0,0,0,0,0,199,0,0,28,0,0,0,0,0,0,143,0,0,48,0,0,0,0,0
089cbd438414b7a22e727c1942106659,0,0,0,0,0,0,281,0,0,0,0,0,0,0,0,0,0,0,0,0,0,0,0,0,0,0,0,0,0,0,0,0,0,0,0,0
8988e2f53fc073d7fc6183d6d1176eb0,0,0,0,0,0,0,0,0,0,0,0,0,0,0,0,0,0,0,0,0,0,0,0,515,0,0,0,0,0,0,0,0,0,0,0,0
c81751d1ef7399125248cb63eee8efb4,0,0,0,0,0,0,0,0,0,0,0,0,0,0,0,0,0,0,0,0,0,0,0,0,0,0,0,0,0,0,0,0,515,0,0,0
d23c3fc835e9af77514352faad8dbfa6,0,0,0,0,0,0,0,0,0,0,0,0,0,0,0,0,0,0,0,0,0,491,0,0,0,0,0,0,0,0,0,0,0,0,0,0
aeff4ac01288a25b25f9d11caf924ae1,0,0,0,0,0,0,0,0,0,0,0,0,0,0,0,0,401,20,0,0,0,0,0,0,0,0,0,0,0,0,0,0,0,0,0,0
c79b5cab608c7f00736c06a71d5de89a,0,0,0,0,0,0,0,0,0,162,0,0,0,0,0,0,0,0,0,0,0,0,0,0,31,0,0,0,0,0,0,0,0,0,0,0
037411ec8365cceeb29587e0ce8c13f5,0,0,0,0,0,0,0,0,0,0,0,0,0,0,0,0,0,0,0,0,0,0,0,0,0,0,0,0,0,0,0,0,20,0,0,0
a9cd92503ce8dacfbed1bcfebcb77e22,0,0,0,0,0,0,0,0,0,0,0,0,0,0,0,0,0,0,0,0,0,0,0,0,43,0,0,0,0,0,48,0,0,0,0,0
fbae2a84b12b68c8fdda74ccea947cd7,0,0,0,0,0,0,0,0,0,0,0,0,0,0,0,157,0,0,0,0,0,0,0,0,0,0,0,0,0,0,0,0,0,0,0,0
6d47372c83514993d7c4599edb1a5a8f,0,0,0,0,0,0,0,0,0,0,467,0,0,0,0,0,0,0,0,0,0,0,0,0,0,0,0,0,0,0,0,0,0,0,0,0
7d88a87e7dbf2b8256c9d7f43993a243,0,0,0,0,0,0,0,0,0,0,0,0,0,0,0,0,0,0,0,23,0,0,0,0,0,0,0,0,0,0,0,0,0,0,0,0
af835866039a808ca121528576be9790,0,0,0,0,0,0,0,0,0,0,0,0,0,0,0,0,0,0,0,0,0,0,0,0,0,0,455,0,0,0,0,0,0,0,0,0
d6a4982f1601f938029fb6e342b9d579,0,220,0,0,0,0,0,0,0,0,0,119,0,0,0,0,0,0,0,0,0,0,0,0,0,0,0,0,0,0,0,0,0,0,0,0
121922e15b43cd38e8f590a88eecbf37,0,0,0,0,0,0,0,0,0,0,446,0,0,0,0,0,0,0,0,0,0,0,0,0,0,0,0,0,0,0,0,0,0,0,0,0
ed9e4ab2e50a5d595db0fca1e9a8af08,0,0,0,0,0,0,0,0,0,0,0,0,0,0,0,0,0,0,0,0,263,0,0,0,0,0,0,0,0,0,0,0,0,0,0,0
c03b471530794b20ae155be7913e3e27,0,0,0,0,0,0,0,0,0,0,0,0,0,0,0,0,0,0,291,0,0,0,0,0,0,0,0,0,0,0,0,0,0,0,0,0
b4e2d619f942202f5ba9a4627240a326,0,0,0,0,0,0,0,0,0,0,0,0,0,72,0,0,0,0,0,0,0,0,0,0,0,0,0,0,0,0,0,0,0,0,0,0
933adf5a40c8698fbdc754ce8036b360,0,0,0,0,0,0,0,0,0,0,0,0,0,0,0,4,0,0,0,0,0,0,0,0,0,0,0,0,0,0,107,0,0,0,0,0
0401f5c42d6e0ee468d2503495870e15,0,0,0,0,0,0,0,0,0,0,0,0,0,0,0,0,0,0,0,0,0,0,0,0,0,0,45,0,0,0,0,0,0,0,0,26
1aa3e5f79491e3406dfb426cc8dd6f67,0,0,0,0,0,0,0,0,0,0,0,0,0,0,0,0,0,0,0,0,0,425,0,0,0,0,0,0,0,0,0,0,0,0,0,0
baf8e79d36c1e4a26abadd1eb7a9e833,0,418,0,0,0,0,0,0,0,0,0,0,0,0,0,0,0,0,0,0,0,0,0,0,0,0,0,0,0,0,0,0,0,0,0,0
5d5ef7ea90d798d8e83b6a2140c0d734,0,0,0,0,0,0,0,0,48,0,0,0,0,0,0,0,0,0,0,0,0,0,0,0,35,0,0,0,0,0,0,0,0,0,0,0
f2e9099c3b877e76a9acd9d33eac6516,0,0,0,0,0,0,0,0,0,0,0,0,0,0,0,0,0,0,0,0,0,0,0,0,0,0,0,0,0,0,0,0,227,0,0,0
0ae27399c9ed3432cdd8e8b9fa842847,0,0,0,0,0,0,0,0,0,0,0,0,0,0,0,0,0,0,0,0,0,0,0,0,0,0,0,0,0,0,0,7,0,0,0,0
5978d2eb5cfdfe7997a9b724d7b59473,0,0,0,0,0,0,0,0,0,0,0,0,0,89,0,0,0,0,0,0,0,0,0,0,0,0,0,0,0,0,0,0,0,0,0,0
226c0cc6b53215dbe4170d065a3ea045,0,0,0,0,0,0,0,0,0,0,0,0,0,192,0,0,193,0,0,0,0,0,0,0,0,0,0,0,0,0,0,0,0,0,0,0
4de73abaa47bab05d63b9f701b137e26,0,0,0,0,0,0,0,0,0,0,0,0,0,0,0,0,0,0,0,0,0,0,0,324,0,0,0,0,0,0,0,0,0,0,0,0
e973b8a6a94efd2691c929632645c92d,0,0,0,0,0,0,0,0,0,0,0,0,0,0,378,0,0,0,0,0,0,0,0,0,0,0,0,0,0,0,0,0,0,0,0,0
31a863390acd8761f6bfbf02108db203,0,0,0,0,0,0,0,0,0,0,0,0,0,39,0,127,0,0,0,0,0,0,0,191,0,0,0,0,0,0,0,0,0,0,0,0
baa575059dacb751a8f83f7fc2615c03,0,0,0,0,0,0,0,0,0,0,0,0,0,0,0,0,0,0,0,0,0,0,0,291,0,0,0,0,0,0,0,0,0,0,0,0
b37d73f55d400d052603b38388b32401,0,0,0,0,0,0,13,0,0,0,0,0,0,331,0,0,0,0,0,0,0,0,0,0,0,0,0,0,0,0,0,0,0,0,0,0
5e960ef8d366354a570d6a430cb42e00,0,0,0,0,0,0,0,0,0,0,0,0,0,34,0,0,0,0,0,0,0,0,0,0,88,0,0,0,0,0,0,0,0,0,0,0
6736914447308e8379be0dda3e21eab3,0,0,0,0,0,0,0,0,0,0,334,0,0,0,0,0,0,0,0,0,0,0,0,0,0,0,0,0,0,0,0,0,0,0,0,0
659694a0dd6c72a9d005ec90ca3b3de6,0,0,0,0,0,0,0,0,0,0,0,0,0,0,0,0,0,0,0,0,0,0,0,0,316,0,0,0,0,0,12,0,0,0,0,0
838557e2c3b6e6c0599dcb89e3ff17d1,2,0,0,0,0,0,0,0,0,0,0,0,0,87,0,0,180,0,0,0,33,19,0,0,0,0,0,0,0,0,0,0,0,0,0,0
644ad68982f1e783961d606e7bf57327,0,0,0,0,0,0,0,0,0,0,0,0,0,0,0,0,0,0,0,0,0,0,0,0,311,0,0,0,0,0,0,0,0,0,0,0
3061b177175003e9ae88fc304ea4fdd5,0,0,0,0,0,0,0,0,0,0,310,0,0,0,0,0,0,0,0,0,0,0,0,0,0,0,0,0,0,0,0,0,0,0,0,0
6615756f8cdcb5c537d4bdb7d52a37ad,0,0,0,0,0,0,0,0,0,0,0,308,0,0,0,0,0,0,0,0,0,0,0,0,0,0,0,0,0,0,0,0,0,0,0,0
96ec09a4e6ba2dc6919ff3995e5b75f5,0,0,0,0,0,0,0,0,0,0,0,0,0,0,0,0,0,0,0,5,0,0,0,0,0,0,0,0,0,0,0,0,0,0,0,0
3158071c26dd3c172e658f37bbf7696b,0,0,0,0,0,0,0,0,0,0,31,0,0,0,0,0,0,0,0,0,0,0,0,0,0,0,0,0,0,0,0,0,0,0,0,196
30974c9f5adbf9611f773e821389522d,0,0,0,0,0,0,0,0,0,0,0,0,0,0,0,0,0,0,0,0,0,0,0,0,0,0,0,0,0,0,0,0,0,291,0,0
32639e6b49ee739325b824315326ac38,0,0,0,0,0,0,0,0,0,0,0,0,0,0,0,0,289,0,0,0,0,0,0,0,0,0,0,0,0,0,0,0,0,0,0,0
de921912f908679d7ae1b0c2248ce837,0,70,0,0,0,0,0,0,53,0,0,0,0,0,0,0,0,0,0,0,0,0,0,0,0,0,0,0,0,0,0,0,0,0,0,0
13e207ef51eb0fdf30d96e7e8f92edb0,0,0,0,0,0,0,0,0,0,0,0,0,0,0,0,0,0,0,0,0,0,0,0,0,0,0,283,0,0,0,0,0,0,0,0,0
902dd3914f65c867ec8f4452b29fc233,0,0,0,0,0,0,0,0,0,0,0,69,0,0,0,0,0,0,0,0,0,0,0,0,0,0,0,0,0,0,0,0,0,0,0,0
0c91c1705906a670a30f0bdd3f1a2f52,0,0,0,0,0,0,0,0,0,0,267,0,0,0,0,0,0,0,0,0,0,0,0,0,0,0,0,0,0,0,0,0,0,0,0,0
c18265305b4aae4860f0b073f0f3ec59,0,0,0,0,0,0,0,0,0,0,0,0,0,0,0,0,0,0,0,0,0,0,0,0,0,0,0,0,0,0,0,0,0,0,0,261
26d06aee70056c333c248ebd9dcbc5d1,0,0,0,0,0,0,0,0,0,0,0,0,0,0,0,0,0,0,254,0,0,0,0,0,0,0,0,0,0,0,0,0,0,0,0,0
7b52496663ebf09abcda366f5223c2fa,0,0,0,0,0,0,0,0,0,0,0,0,0,0,0,0,0,0,0,0,0,0,0,247,0,0,0,0,0,0,0,0,0,0,0,0
655b95bc48f30859c170f04d803eff2d,0,0,0,0,0,0,0,0,0,0,246,0,0,0,0,0,0,0,0,0,0,0,0,0,0,0,0,0,0,0,0,0,0,0,0,0
286d74aa65d1c45dd77f0fcb46116a52,0,0,0,0,0,0,0,0,0,0,0,0,0,0,0,0,0,0,0,0,0,0,0,0,0,0,0,0,0,0,245,0,0,0,0,0
9c4d8ad30ac038e65ddc9426c8ce008f,0,0,0,0,0,0,0,0,0,0,0,0,0,0,0,175,0,0,0,0,0,0,0,0,0,0,0,0,0,0,0,0,0,0,0,0
56c1a317d49c8e86a72a8a084642df5c,0,0,0,0,0,0,0,0,0,0,0,239,0,0,0,0,0,0,0,0,0,0,0,0,0,0,0,0,0,0,0,0,0,0,0,0
8c0d31d157bfadc7c8b9d5fa443cade2,0,0,0,0,0,0,0,0,0,0,0,0,0,0,0,0,0,0,0,0,0,0,0,0,0,0,0,2,0,0,0,0,0,0,0,0
898ebc259da580ecdbd7ff9af703ff78,0,0,0,0,0,0,0,0,0,0,0,237,0,0,0,0,0,0,0,0,0,0,0,0,0,0,0,0,0,0,0,0,0,0,0,0
1705e2402cf0333df3e0393c952a2bf8,0,6,0,0,0,0,0,0,0,0,0,0,0,0,0,0,0,0,0,0,0,0,0,0,0,0,0,0,0,0,0,0,0,0,0,0
f9a0d898f463a6454a06a2bc8ec3661d,0,0,0,0,0,0,0,0,0,0,0,0,0,0,0,0,0,0,0,0,0,0,0,0,0,0,0,0,0,0,0,0,231,0,0,0
f9fb2043b5af0b7b1215e31fba01519c,0,0,0,0,0,0,0,0,0,0,0,0,0,0,0,0,0,0,0,0,0,0,0,0,0,0,0,229,0,0,0,0,0,0,0,0
269840d45a32558c87ad2c3a437517da,0,0,0,0,0,0,0,0,0,0,0,0,0,0,0,0,227,0,0,0,0,0,0,0,0,0,0,0,0,0,0,0,0,0,0,0
af162802074cfe47171b7167b43ad75e,0,0,0,0,0,0,0,0,0,0,226,0,0,0,0,0,0,0,0,0,0,0,0,0,0,0,0,0,0,0,0,0,0,0,0,0
6fdda6c89be9127a862c222be05facba,0,0,0,0,0,0,0,0,0,0,0,226,0,0,0,0,0,0,0,0,0,0,0,0,0,0,0,0,0,0,0,0,0,0,0,0
98aa60909cdbcacfbfb2466dfa4af596,0,0,0,0,0,0,0,0,0,0,225,0,0,0,0,0,0,0,0,0,0,0,0,0,0,0,0,0,0,0,0,0,0,0,0,0
af71b195093c932e9fd3edecc47c7470,0,0,0,0,0,0,0,0,0,0,0,0,0,0,0,0,0,0,0,0,0,0,0,0,0,0,0,0,0,0,0,0,222,0,0,0
4e2874993a42b4175209afb0ee3d51f5,0,0,0,0,0,0,0,0,0,0,0,221,0,0,0,0,0,0,0,0,0,0,0,0,0,0,0,0,0,0,0,0,0,0,0,0
120841694b3ebb0bf0517889ecc95bee,0,0,0,0,0,0,0,0,0,0,0,0,0,0,0,0,0,0,109,0,0,0,0,0,0,0,0,0,0,0,0,0,0,0,92,0
1211daa5d0d737c57c6c8cd9c5533b96,0,0,0,0,0,0,0,0,0,0,0,0,0,0,0,0,0,0,0,0,0,0,0,2,0,0,0,0,0,142,0,0,0,0,0,0
f27681c05de11eea3dfd04e0c70d4810,0,0,0,59,0,0,0,0,0,0,106,0,0,0,0,0,0,0,0,0,0,0,0,0,0,0,0,0,0,0,0,0,0,0,0,0
dd58caf09335ed4ab76bf09a0060419c,0,0,0,0,0,0,0,0,0,0,0,0,0,0,0,0,0,0,0,0,0,0,219,0,0,0,0,0,0,0,0,0,0,0,0,0
6af2fbd8b7caec74872ed6eaa732b443,0,0,0,0,0,0,0,0,0,0,0,0,0,0,0,0,0,0,0,0,0,0,219,0,0,0,0,0,0,0,0,0,0,0,0,0
0b7a11f4a8b8df3fc8bfb8e981d33f6f,0,0,0,0,0,0,0,0,0,0,0,0,0,0,0,0,0,0,0,0,0,0,0,0,0,0,0,0,0,0,0,0,219,0,0,0
322d1e2a4baf39247253995d81a0c266,0,0,0,0,0,0,0,0,0,0,0,0,0,0,0,0,0,0,0,0,0,0,217,0,0,0,0,0,0,0,0,0,0,0,0,0
e7eb10ea81a8e01f3619022c73b4b3cf,0,0,0,0,0,0,0,0,0,0,0,0,0,0,0,0,0,0,0,0,0,0,0,0,0,0,0,0,0,0,0,217,0,0,0,0
29040de27641304c41c99f99a17b6b0c,216,0,0,0,0,0,0,0,0,0,0,0,0,0,0,0,0,0,0,0,0,0,0,0,0,0,0,0,0,0,0,0,0,0,0,0
8a0fbbe2e5278391220bc46eb3c02fa5,0,0,0,0,0,0,0,0,215,0,0,0,0,0,0,0,0,0,0,0,0,0,0,0,0,0,0,0,0,0,0,0,0,0,0,0
04a784664d9803ee6fb374af7088965d,0,213,0,0,0,0,0,0,0,0,0,0,0,0,0,0,0,0,0,0,0,0,0,0,0,0,0,0,0,0,0,0,0,0,0,0
9548f39bb13d56b704c44e6824ebcd95,0,0,0,0,0,0,0,0,0,0,0,0,0,13,0,0,100,0,0,0,0,0,0,0,0,0,0,0,0,0,0,0,0,0,0,0
b81c6c578fdbc114923a7b5a864f7321,0,0,0,21,0,0,139,0,0,0,0,0,0,0,0,0,0,0,0,0,0,0,0,0,43,0,0,0,0,0,0,0,0,0,0,0
09d0dba23d1cbd0ef0489c6d1d16e938,0,0,0,0,0,0,0,0,202,0,0,0,0,0,0,0,0,0,0,0,0,0,0,0,0,0,0,0,0,0,0,0,0,0,0,0
14c717e9ea34ffaef394844ce4092fdb,0,0,0,0,0,0,0,0,0,0,0,0,0,0,0,0,0,0,0,0,0,0,0,0,0,0,201,0,0,0,0,0,0,0,0,0
6ce153cdf0ec1292df16c72bc89d9d1a,0,197,0,0,0,0,0,0,0,0,0,0,0,0,0,0,0,0,0,0,0,0,0,0,0,0,0,0,0,0,0,0,0,0,0,0
6cfa6abff46c85021a34f8d3a513ad79,0,192,0,0,0,0,0,0,0,0,0,0,0,0,0,0,0,0,0,0,0,0,0,0,0,0,0,0,0,0,0,0,0,0,0,0
516f01753da45c5cd7ed46aaabec6b7f,0,0,0,0,0,0,0,0,0,0,190,0,0,0,0,0,0,0,0,0,0,0,0,0,0,0,0,0,0,0,0,0,0,0,0,0
adddbdad93170ecc2fdd8cc5349a71a1,0,0,0,0,0,0,0,0,0,0,0,0,0,0,0,0,190,0,0,0,0,0,0,0,0,0,0,0,0,0,0,0,0,0,0,0
b41b8466376e35cc48ee491dc9d767d3,0,0,0,0,0,0,0,0,0,0,0,0,0,0,0,0,0,0,0,0,0,0,0,0,0,0,0,0,0,0,0,0,189,0,0,0
ca60708e500f9e6895be0072200262ca,0,0,0,0,0,0,0,0,0,0,0,20,0,0,0,0,0,0,0,0,0,0,0,0,0,0,0,0,0,0,0,0,0,0,0,0
ef0d5606909e17b2808396a39670b09c,0,0,0,0,0,0,0,0,0,0,0,0,0,0,0,0,0,0,0,0,0,0,0,188,0,0,0,0,0,0,0,0,0,0,0,0
e8499e3e6036afd86c37f086992f66ef,0,0,0,0,0,0,0,0,0,0,0,0,0,0,0,0,0,0,0,0,0,0,0,0,186,0,0,0,0,0,0,0,0,0,0,0
49f4af2c84d50b2070098fd918abb1ac,0,0,0,0,0,0,0,0,0,0,0,0,0,0,0,0,0,0,0,0,0,0,0,0,0,0,0,0,0,0,0,0,186,0,0,0
26296464dfd0b056a99b59efcf1efcb8,0,0,0,0,0,0,0,0,0,0,0,0,0,98,0,0,0,0,0,0,0,0,0,0,0,0,0,0,0,0,0,0,0,0,0,0
143c33d6038b69eb7247ebf174d64356,0,0,0,0,0,0,0,0,0,0,0,0,0,0,0,19,0,0,0,0,0,0,0,0,0,0,0,0,0,0,0,0,0,0,0,0
19d490013f96ee3ea3485d74e81a0976,0,0,0,0,0,0,0,0,0,0,0,0,0,0,0,0,0,0,0,0,0,0,0,0,0,0,0,0,0,0,0,0,32,0,0,0
9bdf24a39b26b59c3dcd4b51965754f5,0,0,0,0,0,0,0,0,0,0,0,0,0,0,0,0,0,0,183,0,0,0,0,0,0,0,0,0,0,0,0,0,0,0,0,0
b3f49bc06cb2623cdac23c4224c3f271,0,0,0,0,138,0,0,0,0,0,0,0,0,0,0,0,0,0,0,0,0,0,0,0,0,0,0,0,0,0,0,0,0,0,0,0
758e2ef858f03e7fc2dee7af755390d2,0,0,0,0,0,0,0,0,0,0,0,0,0,0,0,0,0,0,181,0,0,0,0,0,0,0,0,0,0,0,0,0,0,0,0,0
160eb603f5ffa4ce6eed814fd75864df,0,0,0,0,0,0,0,0,0,0,0,0,0,0,0,0,0,0,0,0,0,0,0,0,0,0,0,0,0,0,0,0,178,0,0,0
3ef08c3d460d71b80921afd3bbf38896,151,0,0,0,0,0,0,0,0,0,0,0,0,0,0,0,0,0,0,0,0,0,0,0,0,0,0,0,0,0,0,0,0,0,0,0
ce8379a3a3b2ec3dca20c455c05cd856,0,0,0,0,0,0,0,0,0,0,171,0,0,0,0,0,0,0,0,0,0,0,0,0,0,0,0,0,0,0,0,0,0,0,0,0
b42a05205ed4b333f8dda4e16f3e9fd4,0,0,0,0,0,0,0,0,0,0,0,0,0,0,0,34,0,0,0,0,0,0,0,0,0,0,0,0,0,0,0,0,0,0,0,0
c4346f6f36c79640a44ef89e7712326f,0,170,0,0,0,0,0,0,0,0,0,0,0,0,0,0,0,0,0,0,0,0,0,0,0,0,0,0,0,0,0,0,0,0,0,0
a338e0999d3f81015b0f0cf72ef172c9,0,0,0,0,0,0,0,0,169,0,0,0,0,0,0,0,0,0,0,0,0,0,0,0,0,0,0,0,0,0,0,0,0,0,0,0
361ebe725606b7e35cea1414e0bae8b4,0,0,0,0,0,0,0,0,0,0,0,0,0,0,0,0,0,165,0,0,0,0,0,0,0,0,0,0,0,0,0,0,0,0,0,0
0549f5f48c243894db4390d1aea2dbc2,0,0,0,0,0,0,0,0,0,0,0,0,0,0,0,0,0,0,0,0,0,0,0,0,165,0,0,0,0,0,0,0,0,0,0,0
cc16b5b8ab8b011ed79c416f65006a57,0,0,0,0,0,0,0,0,0,0,158,0,0,0,0,0,0,0,0,0,0,0,0,0,0,0,0,0,0,0,0,0,0,0,0,0
3d525ab2659baa31d40de52bb45834e4,0,0,0,0,0,0,0,0,0,0,0,0,0,0,0,0,158,0,0,0,0,0,0,0,0,0,0,0,0,0,0,0,0,0,0,0
63e9c2f0bec34bc316beae8dc59ece9e,0,0,0,0,0,0,0,0,0,0,0,0,0,0,0,0,0,0,0,0,0,0,0,157,0,0,0,0,0,0,0,0,0,0,0,0
881e180dee405a94199730f6a9d67e5a,0,111,0,0,0,0,0,0,0,0,0,0,0,0,0,0,0,0,0,0,0,0,0,0,0,0,0,43,0,0,0,0,0,0,0,0
bdf7de94caf349a7e0af0eab1d2a1d80,0,0,0,0,0,0,0,0,0,0,154,0,0,0,0,0,0,0,0,0,0,0,0,0,0,0,0,0,0,0,0,0,0,0,0,0
4ce796bcaeec4e216e6bd0d9159eb9b8,0,0,0,0,0,0,0,0,0,0,0,0,0,0,0,0,0,0,0,0,0,154,0,0,0,0,0,0,0,0,0,0,0,0,0,0
220936f0bafdd3c6d36bd6eb4576ab59,0,0,0,0,0,0,0,0,0,0,0,0,0,0,0,0,0,0,0,0,0,0,0,0,154,0,0,0,0,0,0,0,0,0,0,0
f1bc3063d63ed8d6619e7c119e6da40b,0,0,0,0,0,0,0,0,0,0,0,0,0,0,0,0,0,0,0,3,0,0,0,0,0,0,0,0,0,0,0,0,0,0,0,0
f2917db15bf4aef5ba45ae9c451db26e,0,0,0,0,0,0,0,0,0,0,0,0,0,0,0,0,0,0,0,0,0,0,0,0,0,0,0,0,0,0,0,0,0,151,0,0
2766673544ef3db120d14b337c577a73,0,0,0,0,0,0,0,0,0,0,0,0,0,0,0,0,83,67,0,0,0,0,0,0,0,0,0,0,0,0,0,0,0,0,0,0
87c8ce6cf647f9c1106c5e35c64c14d6,0,0,0,0,0,0,0,0,0,0,0,0,0,0,0,0,0,0,0,0,0,0,0,0,145,0,0,0,0,0,0,0,0,0,0,0
32c885901923fb8a2d298890c455db92,0,0,67,0,0,0,0,0,0,0,0,0,0,0,0,0,0,0,0,75,0,0,0,0,0,0,0,0,0,0,0,0,0,0,0,0
736dc506d2fa34c95ac4c2625ba44fc0,0,0,0,0,0,0,0,0,0,0,0,0,0,0,0,0,0,0,0,0,0,0,0,0,0,0,0,0,0,0,0,0,0,142,0,0
da74d942138d5825488e81ff02f901df,0,0,0,0,0,0,0,0,0,0,141,0,0,0,0,0,0,0,0,0,0,0,0,0,0,0,0,0,0,0,0,0,0,0,0,0
9f3132a68bd0075aab733fb70aa835b1,0,0,0,0,0,0,0,0,0,0,0,0,0,0,0,0,0,0,0,0,0,0,0,0,0,0,0,0,141,0,0,0,0,0,0,0
19b2ee68c8cfd331dd8622bad2479ad3,0,0,0,0,0,0,0,0,0,0,0,139,0,0,0,0,0,0,0,0,0,0,0,0,0,0,0,0,0,0,0,0,0,0,0,0
8f334bdb4ccca5b68e56ee721074de8a,0,0,0,0,0,0,0,0,0,0,0,0,0,0,0,0,0,0,0,0,0,0,0,0,0,0,0,0,0,0,0,0,139,0,0,0
4986879fb2b6328ee422f992b853c169,0,0,0,0,0,0,0,0,138,0,0,0,0,0,0,0,0,0,0,0,0,0,0,0,0,0,0,0,0,0,0,0,0,0,0,0
c0cb32187fe8edf8f00128993fef849f,0,0,0,0,135,0,0,0,0,0,0,0,0,0,0,0,0,0,0,0,0,0,0,0,0,0,0,0,0,0,0,0,0,0,0,0
40472b9d0879df7b2b14019ed1838bfa,0,0,0,0,0,0,0,0,0,0,0,0,0,0,0,0,0,0,0,0,0,0,0,0,0,0,0,0,0,0,135,0,0,0,0,0
774382f443702192ac50e5073b4905e9,0,0,0,0,0,0,0,0,0,0,0,0,0,0,0,0,0,0,0,0,0,0,0,0,134,0,0,0,0,0,0,0,0,0,0,0
d34df137285d230da6f3d5bbe619218c,0,0,0,0,0,0,0,0,0,0,0,0,0,0,0,0,0,0,0,0,0,0,0,0,5,0,0,0,0,0,0,0,0,0,0,0
823265244e561150c2c742ecd1463409,0,0,0,0,0,0,0,0,0,0,0,0,0,0,0,0,0,0,0,0,0,0,0,0,0,0,0,0,0,0,130,0,0,0,0,0
f09d754c76397db49bdca26eb2035b11,0,0,0,0,0,0,0,0,0,0,0,0,0,0,0,128,0,0,0,0,0,0,0,0,0,0,0,0,0,0,0,0,0,0,0,0
c9974daef8b6db7d80d69a444e226295,0,0,0,0,0,0,0,0,121,0,0,0,0,0,0,0,0,0,0,0,0,0,0,0,0,0,0,0,0,0,0,0,0,0,0,0
934d54c50b940a9da69b82e7ef35d097,0,0,0,0,0,0,0,0,0,0,0,0,0,0,0,0,0,0,0,0,0,0,0,0,0,119,0,0,0,0,0,0,0,0,0,0
081ba5dbf9314bf603719f13a135eeea,0,0,0,0,0,0,0,0,0,0,118,0,0,0,0,0,0,0,0,0,0,0,0,0,0,0,0,0,0,0,0,0,0,0,0,0
a3909c2725e350739073d481f03faa14,0,0,0,0,0,0,0,0,0,0,0,0,0,0,0,0,0,0,0,0,0,0,0,0,0,0,0,0,0,0,0,0,117,0,0,0
9b0aaba3c2e81235eb2a1836eda4b9b2,0,116,0,0,0,0,0,0,0,0,0,0,0,0,0,0,0,0,0,0,0,0,0,0,0,0,0,0,0,0,0,0,0,0,0,0
e8e4620d4e166fe625df2180237476df,0,0,0,0,0,0,0,0,0,0,116,0,0,0,0,0,0,0,0,0,0,0,0,0,0,0,0,0,0,0,0,0,0,0,0,0
8ec16a70f092d28e94e1bf268752a908,0,0,0,0,0,0,0,0,0,0,0,0,0,0,0,0,49,0,0,0,0,0,0,0,0,0,0,0,0,0,0,0,0,0,0,0
7cdc4b6b25199eddce94b7cc827e33dd,0,0,0,0,0,0,0,0,0,0,0,0,0,0,0,0,0,0,0,0,113,0,0,0,0,0,0,0,0,0,0,0,0,0,0,0
1c221eb73cfce354dfdfd49547e1c6cc,0,0,0,0,0,0,0,0,0,0,0,0,0,0,0,0,0,0,0,0,0,0,0,0,0,0,0,0,0,0,0,0,112,0,0,0
b3a811846c519220362a043e0b2a67a8,0,0,0,0,0,0,0,0,0,0,0,0,0,0,0,0,0,0,0,0,0,0,0,0,0,0,0,0,0,0,110,0,0,0,0,0
af680619a496aa6a515d58f9cc913b29,0,0,0,0,0,0,0,0,0,0,108,0,0,0,0,0,0,0,0,0,0,0,0,0,0,0,0,0,0,0,0,0,0,0,0,0
34ac469b2530100be57e581e4346022d,0,0,0,0,0,0,0,0,0,0,0,0,0,0,0,0,0,108,0,0,0,0,0,0,0,0,0,0,0,0,0,0,0,0,0,0
a1e784bd9db32c125668d206faecb724,0,0,0,0,0,0,0,0,0,0,0,0,0,0,0,0,0,0,108,0,0,0,0,0,0,0,0,0,0,0,0,0,0,0,0,0
5c4345967f2f1be282f5f183fdcec807,0,0,0,0,0,0,0,0,0,0,0,0,0,0,0,0,0,0,0,0,0,105,0,0,0,0,0,0,0,0,0,0,0,0,0,0
2f8ffd7a112ed5152739dc744466985a,0,0,0,0,0,0,0,0,0,0,0,0,0,0,0,0,0,0,0,0,0,0,0,0,105,0,0,0,0,0,0,0,0,0,0,0
6ccc36a44e8deb042f015ecb393f9eda,0,0,0,0,0,0,0,0,0,0,0,0,0,0,0,0,0,0,0,0,0,0,0,0,0,0,0,0,0,0,105,0,0,0,0,0
c86c9a7eca640e22d410a132c77a84eb,0,0,0,0,0,0,0,0,0,0,0,104,0,0,0,0,0,0,0,0,0,0,0,0,0,0,0,0,0,0,0,0,0,0,0,0
6b16457289c4068538ba81c4d61c8dc0,0,0,0,0,0,0,0,0,0,0,0,0,0,0,0,0,0,0,0,0,104,0,0,0,0,0,0,0,0,0,0,0,0,0,0,0
2e6629c6ec8d3327dffbf137ad6fa996,0,103,0,0,0,0,0,0,0,0,0,0,0,0,0,0,0,0,0,0,0,0,0,0,0,0,0,0,0,0,0,0,0,0,0,0
f3cd7c3c75c3249a0561d02ca9baf3e4,0,0,0,0,0,0,0,0,0,0,0,0,0,0,0,0,0,0,0,0,0,0,0,0,0,0,0,0,0,0,103,0,0,0,0,0
ec0dcb1376a561bb5f109306285ff733,0,0,0,0,0,0,0,0,0,0,0,0,0,0,0,0,0,0,0,0,0,0,0,0,0,0,0,0,0,0,103,0,0,0,0,0
cdea59c572076a31c1cbbf516163e317,0,0,0,0,0,0,0,0,0,0,0,0,0,0,0,0,0,0,0,0,0,0,0,0,0,0,0,0,0,0,0,0,101,0,0,0
30c95bdc9cb378db25862a932311deba,0,0,0,0,0,0,0,0,0,0,0,0,0,0,0,0,0,0,0,0,0,0,0,0,0,0,0,0,0,0,0,0,100,0,0,0
9f8be92ff5c44a8ab2ccbd0772a2dd7e,0,0,0,0,0,0,0,0,0,0,0,0,0,0,0,0,0,0,0,0,0,0,0,0,0,0,0,0,0,0,0,0,100,0,0,0
abfa3d5a90a0f55ec8112897caf745ce,0,0,0,0,0,0,0,0,0,0,0,0,0,0,0,0,0,0,0,0,0,0,0,0,0,0,0,0,0,0,99,0,0,0,0,0
b9c54de2136fea6daf2f1fab58d9d1f1,0,0,0,0,0,0,0,0,0,0,0,0,0,0,0,0,0,0,0,0,0,0,0,0,0,0,0,35,0,0,0,0,0,0,0,0
adc08278bca7596de5533aa91cc4c49e,0,0,0,96,0,0,0,0,0,0,0,0,0,0,0,0,0,0,0,0,0,0,0,0,0,0,0,0,0,0,0,0,0,0,0,0
769c4aa1b66b90c31d9bc235d2e30812,0,0,0,0,0,0,0,0,0,0,96,0,0,0,0,0,0,0,0,0,0,0,0,0,0,0,0,0,0,0,0,0,0,0,0,0
e65565001b3dfd32cbf573f87ab719b5,0,0,0,0,0,0,0,95,0,0,0,0,0,0,0,0,0,0,0,0,0,0,0,0,0,0,0,0,0,0,0,0,0,0,0,0
361d70300aebadfa73a8fac8823fe297,0,0,0,0,0,0,0,0,0,0,0,0,0,0,0,95,0,0,0,0,0,0,0,0,0,0,0,0,0,0,0,0,0,0,0,0
3456647f19dcd9e137a5d944b450c3bd,0,0,0,0,0,0,0,0,0,0,0,0,0,0,0,0,0,0,0,95,0,0,0,0,0,0,0,0,0,0,0,0,0,0,0,0
5031204be06fa0f18306efc5d37b2c5a,0,0,0,0,0,0,0,0,0,0,94,0,0,0,0,0,0,0,0,0,0,0,0,0,0,0,0,0,0,0,0,0,0,0,0,0
7dcd21e95893c62dc16bf2bd2e676046,0,0,0,0,0,0,0,0,0,0,0,0,0,0,0,94,0,0,0,0,0,0,0,0,0,0,0,0,0,0,0,0,0,0,0,0
5f9653cabbe079057984a6b539e7f7f5,0,0,0,0,0,0,0,0,0,0,0,0,0,0,0,0,0,0,0,0,0,0,0,0,0,0,0,94,0,0,0,0,0,0,0,0
d161bcfbb6dc0fa98b61541cbbeabca4,0,0,0,0,0,0,0,0,0,90,0,0,0,0,0,0,0,0,0,0,0,0,0,0,0,0,0,0,0,0,0,0,0,0,0,0
3ee4cd2ca2572eb6d6cf92edb24bcb03,0,0,0,0,0,0,0,0,0,0,0,0,0,0,0,0,0,0,0,0,90,0,0,0,0,0,0,0,0,0,0,0,0,0,0,0
ab223ecb6916c0b5db8fa359eb3b3872,0,0,0,0,0,0,0,0,0,0,0,0,0,4,0,0,0,0,0,0,0,0,0,0,0,0,0,0,0,0,0,0,0,0,0,0
e3e44a77b7080556644f334fb9f3117d,0,0,0,0,0,0,0,0,88,0,0,0,0,0,0,0,0,0,0,0,0,0,0,0,0,0,0,0,0,0,0,0,0,0,0,0
b661e345a189075e6412d9c1cf0ff6e5,0,0,0,0,0,0,0,0,0,0,0,0,0,0,0,0,0,0,0,0,0,0,0,0,0,0,0,0,0,0,0,0,0,88,0,0
15291469dfbcfa66ffaff45cb434234d,0,86,0,0,0,0,0,0,0,0,0,0,0,0,0,0,0,0,0,0,0,0,0,0,0,0,0,0,0,0,0,0,0,0,0,0
609d97a69e5e06dd277dc4d08816836f,85,0,0,0,0,0,0,0,0,0,0,0,0,0,0,0,0,0,0,0,0,0,0,0,0,0,0,0,0,0,0,0,0,0,0,0
01ac1f628c0b2f252ddae40fa26ba536,0,0,0,0,0,0,0,0,0,0,85,0,0,0,0,0,0,0,0,0,0,0,0,0,0,0,0,0,0,0,0,0,0,0,0,0
3a9daa44b75dca7d7bcc03569205fca0,0,0,0,0,0,0,0,0,0,0,0,0,0,0,0,0,84,0,0,0,0,0,0,0,0,0,0,0,0,0,0,0,0,0,0,0
c03d0e459d00e56a48b6beaa19eeb0e9,0,0,0,0,0,0,0,0,0,0,0,0,0,0,0,0,0,0,0,0,0,0,0,0,0,0,0,0,0,0,0,0,84,0,0,0
f4e4480c900a8d4965e3615c1ea7a49f,0,0,0,0,0,0,0,0,0,0,0,83,0,0,0,0,0,0,0,0,0,0,0,0,0,0,0,0,0,0,0,0,0,0,0,0
ea47a82cbe8362cbe3c4433526f05884,0,0,0,0,0,0,0,0,0,0,0,0,0,0,0,0,0,0,0,0,0,0,0,0,0,0,0,0,0,0,0,0,0,0,0,83
c7e2c09a89cab68d498ca4de1f16f18e,0,0,0,0,82,0,0,0,0,0,0,0,0,0,0,0,0,0,0,0,0,0,0,0,0,0,0,0,0,0,0,0,0,0,0,0
261ee721ea96ddc121b085339302c325,0,0,0,7,0,0,0,0,0,0,0,0,0,0,0,0,0,0,0,0,0,0,0,0,0,0,0,0,74,0,0,0,0,0,0,0
edafd25a288b64b4a676faeb0097e626,0,0,0,0,0,0,0,0,0,0,0,0,0,0,0,0,0,0,0,0,0,0,0,0,0,0,0,0,0,0,0,0,0,81,0,0
0b4bcfbb7dcc843eb767d7728ebd81d8,0,0,0,0,0,0,0,0,0,0,80,0,0,0,0,0,0,0,0,0,0,0,0,0,0,0,0,0,0,0,0,0,0,0,0,0
17f40e5ef9d3ba06ff3f6fe2b46d5b83,0,0,0,0,0,0,0,0,0,0,0,0,0,0,0,78,0,0,0,0,0,0,0,0,0,0,0,0,0,0,0,0,0,0,0,0
d8e1bbd0a2fb7c3e9758798689666a07,0,0,0,0,0,0,0,0,0,0,0,0,0,0,0,0,78,0,0,0,0,0,0,0,0,0,0,0,0,0,0,0,0,0,0,0
069ab5a76742d17490d05723647aea3b,0,0,0,0,0,0,0,0,0,0,0,0,0,0,0,0,0,0,0,0,0,78,0,0,0,0,0,0,0,0,0,0,0,0,0,0
a890731c2eed38b68c43ac3a3808730a,0,0,0,0,0,0,0,0,0,0,0,0,0,0,0,0,0,0,0,0,0,0,0,0,0,0,0,0,0,0,78,0,0,0,0,0
13942375e01bed38a4967f2e9676bf03,0,0,0,0,0,0,0,0,0,0,0,0,0,0,0,0,0,0,0,0,0,0,0,0,0,0,0,0,0,0,78,0,0,0,0,0
f61c9c400e660a7e9046515d41eb2fa9,0,0,0,0,0,0,0,0,0,0,0,76,0,0,0,0,0,0,0,0,0,0,0,0,0,0,0,0,0,0,0,0,0,0,0,0
f945ea9efee1abbf0076493f9a73c7f5,0,0,0,0,0,0,0,0,0,0,74,0,0,0,0,0,0,0,0,0,0,0,0,0,0,0,0,0,0,0,0,0,0,0,0,0
28ec14fd0a01763f2589968e0fe7c9da,0,0,0,0,0,0,0,0,0,0,0,0,0,10,0,0,0,0,0,0,0,0,0,0,0,0,0,0,0,0,0,0,0,0,0,0
649661c6b8e12db33137021514ba5b6f,0,0,0,0,0,0,0,0,0,0,0,0,0,0,0,74,0,0,0,0,0,0,0,0,0,0,0,0,0,0,0,0,0,0,0,0
2bdf6b36671debb8000fefaad0455399,0,0,0,0,0,0,0,0,0,0,0,0,0,0,0,0,0,0,0,0,0,0,0,0,0,0,74,0,0,0,0,0,0,0,0,0
b524be45c3dc1a4b1c18fe2e2fcc78d2,0,0,0,0,0,0,0,0,0,0,0,0,0,0,0,73,0,0,0,0,0,0,0,0,0,0,0,0,0,0,0,0,0,0,0,0
1ac27334f6297184797bf5a6196c0e40,0,0,0,0,0,0,0,0,0,0,0,0,0,0,0,73,0,0,0,0,0,0,0,0,0,0,0,0,0,0,0,0,0,0,0,0
fe07c600cc0cba552bfabf50db05ce14,0,0,0,0,0,0,0,0,0,0,0,0,0,72,0,0,0,0,0,0,0,0,0,0,0,0,0,0,0,0,0,0,0,0,0,0
43a203e50d4f3f94ed656acdfd820695,0,0,0,0,0,0,0,0,0,0,0,0,0,0,0,72,0,0,0,0,0,0,0,0,0,0,0,0,0,0,0,0,0,0,0,0
19138de1be2577c8cad3ecb6c896e897,0,0,0,0,0,0,0,0,0,0,0,0,0,0,0,0,0,0,0,0,71,0,0,0,0,0,0,0,0,0,0,0,0,0,0,0
ba8f002d19667764e11ee74d270ff5fc,0,0,0,0,0,0,0,0,70,0,0,0,0,0,0,0,0,0,0,0,0,0,0,0,0,0,0,0,0,0,0,0,0,0,0,0
db725aa7e50c737c4232002cb9774689,0,0,0,0,0,0,0,0,0,0,0,70,0,0,0,0,0,0,0,0,0,0,0,0,0,0,0,0,0,0,0,0,0,0,0,0
84460c862bc1d186c6c2c4625cafcfcf,0,0,0,0,0,0,0,0,0,0,0,0,0,0,0,0,0,0,0,0,0,0,70,0,0,0,0,0,0,0,0,0,0,0,0,0
8f8b839e411edc0a2873ec5be6f15038,0,67,0,0,0,0,0,0,0,0,0,0,0,0,0,0,0,0,0,0,0,0,0,0,0,0,0,0,0,0,0,0,0,0,0,0
679c31cdb6ed6e60ad1ab68194023db1,0,0,0,0,0,0,0,0,0,0,0,0,0,0,0,0,0,0,0,0,67,0,0,0,0,0,0,0,0,0,0,0,0,0,0,0
7a208c8208507e36b312725a5d672d6c,0,0,0,0,0,0,0,0,0,0,0,0,0,0,0,66,0,0,0,0,0,0,0,0,0,0,0,0,0,0,0,0,0,0,0,0
3a5eadbcfc38c88a8c4a37ebd4f11b1f,0,0,0,0,0,0,0,0,0,0,0,0,0,0,0,0,65,0,0,0,0,0,0,0,0,0,0,0,0,0,0,0,0,0,0,0
596392926b9f932e6a16e3dece624223,0,0,0,0,0,0,0,0,0,0,0,0,0,0,0,0,0,0,0,0,0,0,0,65,0,0,0,0,0,0,0,0,0,0,0,0
99e04658306a46359ef5fac6b322bb43,0,0,0,0,0,0,64,0,0,0,0,0,0,0,0,0,0,0,0,0,0,0,0,0,0,0,0,0,0,0,0,0,0,0,0,0
b5e860ce9613c5ed74d0e454974dcd8f,0,0,0,0,0,0,0,0,0,0,0,0,0,0,0,0,0,64,0,0,0,0,0,0,0,0,0,0,0,0,0,0,0,0,0,0
1f78a553376d84c0ea168c24d1210808,0,0,0,0,0,0,0,0,0,0,0,0,0,0,0,0,0,0,0,0,0,0,0,0,0,0,64,0,0,0,0,0,0,0,0,0
d5412567533cca6e070bba5df70e4943,0,0,0,0,0,0,0,0,0,0,0,0,0,54,0,0,0,0,0,0,9,0,0,0,0,0,0,0,0,0,0,0,0,0,0,0
f3765b921660fb9302e0b694538ffd58,0,0,0,0,0,0,0,0,0,0,0,0,0,0,0,0,0,0,0,0,0,0,0,0,63,0,0,0,0,0,0,0,0,0,0,0
2ee2da1f2d9a490231931a2d06b57b2b,0,0,0,0,0,0,0,0,0,0,0,0,0,0,0,0,0,0,0,0,0,0,0,0,63,0,0,0,0,0,0,0,0,0,0,0
a93ceec1de2053c99fac9da856295bf3,0,0,0,0,0,0,0,0,0,0,0,62,0,0,0,0,0,0,0,0,0,0,0,0,0,0,0,0,0,0,0,0,0,0,0,0
bd98268feecb4def147751f02fa33aa9,0,0,0,0,0,0,0,0,0,0,0,0,0,0,0,0,62,0,0,0,0,0,0,0,0,0,0,0,0,0,0,0,0,0,0,0
2be7a3822b02d78634d5b1436255c5ed,0,0,0,0,0,0,0,0,0,0,0,0,0,0,0,0,0,0,0,0,62,0,0,0,0,0,0,0,0,0,0,0,0,0,0,0
3787ff02019cb77e99f03a421692785f,0,0,0,0,0,0,0,0,0,0,0,0,0,0,0,0,0,0,0,0,0,0,0,62,0,0,0,0,0,0,0,0,0,0,0,0
ebd3579c65850fe5aff4ae4add0048f9,0,0,0,0,0,0,0,0,0,0,0,0,0,0,60,0,0,0,0,0,0,0,0,0,0,0,0,0,0,0,0,0,0,0,0,0
186396ce124ae89882a894e24baf264c,0,0,0,0,0,0,0,0,0,0,0,0,0,0,0,0,0,0,0,0,0,0,0,0,0,0,0,0,0,0,0,0,0,0,59,0
eca994d67f6504ce3803a41beda438b7,0,0,0,0,0,0,0,0,0,0,0,0,0,0,0,0,0,0,0,0,0,0,0,0,0,0,0,0,0,3,0,0,0,0,0,0
ed4616f6e03bcee12b8f44f0dfd3360e,0,0,0,0,0,0,0,0,0,0,0,0,0,0,0,0,0,0,0,0,0,0,0,0,11,0,0,0,0,0,0,0,0,0,0,0
0ada00dd8c8a7bda61e273ef219e25e9,0,0,0,0,0,0,0,0,0,0,0,0,0,0,0,0,0,0,56,0,0,0,0,0,0,0,0,0,0,0,0,0,0,0,0,0
4223445bdce8f0b34f6f245e405313a8,0,0,0,0,0,0,0,0,0,0,0,0,0,0,0,0,0,0,0,0,0,0,0,0,0,0,0,0,0,0,56,0,0,0,0,0
ffe0572f7be4df45aca6f0cbca2006a4,0,0,0,0,0,0,0,0,0,0,0,0,0,55,0,0,0,0,0,0,0,0,0,0,0,0,0,0,0,0,0,0,0,0,0,0
3853225d33262ac5659a088495ee55f1,0,0,0,0,0,0,0,0,0,0,0,0,0,0,0,0,0,0,0,0,0,0,0,0,55,0,0,0,0,0,0,0,0,0,0,0
033e57a3372d4cb10a77b95b5ee517f1,0,0,18,0,0,0,0,0,0,0,0,0,0,0,0,0,0,0,0,0,0,0,0,0,0,0,0,0,36,0,0,0,0,0,0,0
49e64a79b6bb5aeda98a212dcb30d46e,0,0,0,0,0,0,0,0,0,0,0,0,0,0,0,0,0,0,0,0,0,0,0,0,54,0,0,0,0,0,0,0,0,0,0,0
f5d0d5a805170be7076de7608a2ce5f1,0,0,0,0,0,0,0,0,0,0,0,0,0,0,0,0,0,0,0,0,0,0,0,0,0,0,0,0,0,53,0,0,0,0,0,0
c55bbe7388e81dab37e0002401a4a850,0,0,0,0,0,0,0,0,0,0,0,0,0,0,0,0,0,52,0,0,0,0,0,0,0,0,0,0,0,0,0,0,0,0,0,0
d874443d18fa9b65ebe7b6f6893767f7,0,0,0,0,0,0,0,0,0,0,0,0,0,0,0,0,0,0,0,0,0,0,0,0,0,0,0,0,0,0,0,0,0,0,0,51
7a3a9e594e44bd6aac799791d0191fa4,0,0,0,0,0,0,0,0,0,0,0,0,0,0,0,0,0,0,0,0,0,0,0,0,0,0,0,0,16,0,0,0,0,0,0,0
2f9810c8251c928704a5ca463b0c2e6a,0,0,0,0,0,0,0,0,0,0,0,0,0,0,0,0,0,0,0,0,0,0,0,0,0,0,0,49,0,0,0,0,0,0,0,0
1fcb7ffa9c9b4f325dcaa4b3748a50cf,0,0,48,0,0,0,0,0,0,0,0,0,0,0,0,0,0,0,0,0,0,0,0,0,0,0,0,0,0,0,0,0,0,0,0,0
871554d367b3e51fe879c0455c2341d8,0,0,0,0,0,0,0,0,0,0,48,0,0,0,0,0,0,0,0,0,0,0,0,0,0,0,0,0,0,0,0,0,0,0,0,0
7a6a474e7c6e66fa06eb7c01bbfa7a1e,0,0,0,47,0,0,0,0,0,0,0,0,0,0,0,0,0,0,0,0,0,0,0,0,0,0,0,0,0,0,0,0,0,0,0,0
0c1a22ce1e04d414020a859c27d4ad06,0,0,0,0,0,0,0,0,0,0,47,0,0,0,0,0,0,0,0,0,0,0,0,0,0,0,0,0,0,0,0,0,0,0,0,0
48bd568ef1cd7e9eb303e2d1c71c7abb,0,0,0,0,0,0,0,0,0,0,0,0,0,0,0,0,0,0,0,47,0,0,0,0,0,0,0,0,0,0,0,0,0,0,0,0
2589a4850990e63112671a4c162c0a97,0,0,0,0,0,0,0,0,0,0,0,0,0,0,0,0,0,0,0,0,0,0,0,0,47,0,0,0,0,0,0,0,0,0,0,0
dbe7395f4af013bf76b15af31bd90e75,0,0,0,0,0,0,0,0,0,0,0,0,0,0,0,0,46,0,0,0,0,0,0,0,0,0,0,0,0,0,0,0,0,0,0,0
b0b8b544c6ef26e053f474e07d710d73,0,0,0,0,0,0,0,0,0,0,0,0,0,0,0,0,0,0,0,0,0,0,0,0,46,0,0,0,0,0,0,0,0,0,0,0
f59cac67f845c93d8d70f8899b126171,0,0,0,0,0,0,0,0,0,45,0,0,0,0,0,0,0,0,0,0,0,0,0,0,0,0,0,0,0,0,0,0,0,0,0,0
983aad53665c77a80ca144c00d56d535,0,0,0,0,0,0,0,0,0,0,0,0,0,6,0,0,0,0,0,0,0,0,0,0,14,0,4,0,0,0,0,0,0,0,0,0
de78d39d4acc97bbd1ac1216946c6ef2,0,0,0,0,0,0,0,0,0,0,0,0,0,0,0,0,0,0,0,0,0,0,0,0,45,0,0,0,0,0,0,0,0,0,0,0
1d52b4fcd83fe2414736ac772d75442f,0,0,0,0,0,0,0,0,0,0,0,0,0,0,0,0,0,0,0,0,0,0,0,0,45,0,0,0,0,0,0,0,0,0,0,0
a90d08931ad1d0e465010d29a70ee2d7,0,0,0,0,0,0,0,0,0,0,0,0,0,0,0,0,0,0,0,0,0,0,0,0,0,0,0,0,0,0,0,0,0,0,45,0
7826ac25cea00952da186f91796e94d8,0,0,0,0,0,0,0,0,0,0,0,0,0,0,0,43,0,0,0,0,0,0,0,0,0,0,0,0,0,0,0,0,0,0,0,0
e5de33afda3dcb6d849f0aa85dee8995,0,0,0,0,0,0,0,0,41,0,0,0,0,0,0,0,0,0,0,0,0,0,0,0,0,0,0,0,0,0,0,0,0,0,0,0
48376becd60375d99857d1fcac8fd70a,0,0,0,0,0,0,0,0,30,0,0,0,0,0,0,0,0,0,0,0,0,0,0,0,0,0,0,0,0,0,0,0,0,0,0,0
73a64c9b4747f2a91b27aeb14e90bf3e,0,0,0,0,0,0,0,0,0,0,40,0,0,0,0,0,0,0,0,0,0,0,0,0,0,0,0,0,0,0,0,0,0,0,0,0
0e419d50d736c53750b53d99bfd46a19,0,0,0,0,0,0,0,0,0,0,0,0,0,0,0,0,0,0,0,0,0,0,0,40,0,0,0,0,0,0,0,0,0,0,0,0
869c918b86e040753a7e8d462775db86,0,0,0,0,0,0,0,0,0,0,0,0,0,0,0,0,0,0,0,0,0,0,0,0,0,0,40,0,0,0,0,0,0,0,0,0
24b0b6f01be5f1230e3cc63c1fea9d7f,0,0,0,0,0,0,0,0,0,0,0,0,0,0,0,0,0,0,0,0,0,0,0,0,0,0,0,0,0,0,40,0,0,0,0,0
91f74e704ea553a62d8db27a83307464,0,0,16,0,0,0,0,0,0,0,0,0,0,0,0,0,0,0,0,0,0,0,0,0,0,0,0,0,0,0,0,0,0,0,0,0
7b4312a92fac855d4216581f84997a1b,0,0,0,0,0,0,0,0,0,0,0,0,0,0,0,0,0,0,0,0,0,0,0,0,0,0,38,0,0,0,0,0,0,0,0,0
a162147365101945b3946f1721d1c6aa,0,0,0,0,0,0,0,0,0,0,0,0,0,0,0,33,0,4,0,0,0,0,0,0,0,0,0,0,0,0,0,0,0,0,0,0
59c259790d41932c4da48172c39c5cd5,0,0,0,0,0,0,0,0,0,0,0,0,0,0,0,37,0,0,0,0,0,0,0,0,0,0,0,0,0,0,0,0,0,0,0,0
838811600b1dda87e33dba330747fbd4,0,0,0,0,0,0,0,0,0,0,0,0,0,0,0,0,0,0,0,0,37,0,0,0,0,0,0,0,0,0,0,0,0,0,0,0
0b1c59e81fd65318d25fd913a040627c,0,0,0,36,0,0,0,0,0,0,0,0,0,0,0,0,0,0,0,0,0,0,0,0,0,0,0,0,0,0,0,0,0,0,0,0
9a7d4238365eb3de9c2b43f6d59d8842,0,0,0,16,0,0,0,0,0,0,0,0,0,0,0,0,0,0,0,0,0,0,0,0,0,0,0,0,0,0,0,0,0,0,0,0
aaf0624a8168ed059074aa0c28272341,0,0,0,0,0,0,0,0,0,0,0,0,0,0,0,0,0,0,0,0,0,0,0,0,0,0,0,0,0,0,0,36,0,0,0,0
25e9985dd57aa5520215f38cd95df97c,0,0,0,0,0,0,0,0,0,0,0,0,0,0,0,0,0,0,0,0,0,0,0,0,0,0,0,0,0,0,0,0,0,36,0,0
11089a55dc75ac9add9e1c4b7559f8a6,0,35,0,0,0,0,0,0,0,0,0,0,0,0,0,0,0,0,0,0,0,0,0,0,0,0,0,0,0,0,0,0,0,0,0,0
8a492c5d95d477591656009221e3302a,0,0,0,0,0,0,0,0,0,0,0,0,0,35,0,0,0,0,0,0,0,0,0,0,0,0,0,0,0,0,0,0,0,0,0,0
c1ebf6ee0c2a8e9a66a8c17edbcbd76f,0,0,0,0,0,0,0,0,0,0,0,0,0,0,0,0,0,0,0,0,0,0,0,0,0,0,0,0,0,0,0,35,0,0,0,0
002218a13e6ec6379c788e3f8ba45084,0,0,0,0,0,0,0,0,0,0,0,34,0,0,0,0,0,0,0,0,0,0,0,0,0,0,0,0,0,0,0,0,0,0,0,0
ce2f287101f65a96fb4494d3f631728c,0,0,0,0,0,0,0,0,0,0,0,0,0,0,0,0,0,0,0,0,0,0,0,0,34,0,0,0,0,0,0,0,0,0,0,0
a56618737bc099996a303241da151084,0,0,0,4,0,0,0,0,0,0,0,0,0,0,0,0,0,0,0,0,0,0,0,0,0,0,0,0,0,0,0,0,0,3,0,0
ffe9e4ce51f378d102b82dd806fccd85,0,0,0,0,0,0,0,0,0,0,0,0,0,0,0,0,0,0,0,0,0,0,0,0,0,0,0,0,0,0,33,0,0,0,0,0
89779c3d754034ee4249766c151ee1c1,0,0,0,0,0,0,0,0,0,0,0,0,0,0,0,0,0,0,0,0,0,0,0,0,13,0,0,0,0,0,0,0,0,0,0,0
6d17e5552f28c9940e4d5e9ca16d4cbf,0,0,0,0,0,0,0,0,0,0,0,0,0,0,0,0,0,0,0,0,0,0,0,0,0,0,0,32,0,0,0,0,0,0,0,0
9ac48c895809136afc23ec5515fd7693,0,0,0,0,0,0,0,0,0,0,0,0,0,0,0,0,0,0,0,0,0,0,0,0,0,0,0,0,0,0,0,0,0,0,32,0
d6bc8bb4e5a02aaf798fec611a08619b,0,12,0,0,0,0,0,0,0,0,0,0,0,0,0,0,0,0,0,0,0,0,0,0,0,0,0,0,0,0,0,0,0,0,0,0
cdec56a1b4a503787360a49598aa0cd7,0,0,0,31,0,0,0,0,0,0,0,0,0,0,0,0,0,0,0,0,0,0,0,0,0,0,0,0,0,0,0,0,0,0,0,0
5cca238fc2e7ed9b6583ca18dfc5a822,0,0,0,0,0,0,0,0,0,0,0,31,0,0,0,0,0,0,0,0,0,0,0,0,0,0,0,0,0,0,0,0,0,0,0,0
753091d4adb982993a6e1221a7aa045c,0,0,0,0,0,0,0,0,0,0,0,0,0,0,0,31,0,0,0,0,0,0,0,0,0,0,0,0,0,0,0,0,0,0,0,0
fb77854afb413d707f52803cd644c436,0,0,0,0,0,0,0,0,0,0,0,0,0,0,0,31,0,0,0,0,0,0,0,0,0,0,0,0,0,0,0,0,0,0,0,0
7434e189e3cfaa8ff36f8fc7a1995106,0,0,0,0,0,0,0,0,0,0,0,0,0,0,0,0,0,0,0,0,0,0,0,0,31,0,0,0,0,0,0,0,0,0,0,0
25cec8a199871de8a59e0a92b9a78a76,0,0,0,0,0,0,0,0,0,0,0,0,0,0,0,0,4,0,0,0,0,0,0,0,0,0,0,0,0,0,0,0,0,0,0,0
482cc960546030c76195e0d48f4dcbe3,0,0,0,0,0,0,0,0,0,0,0,29,0,0,0,0,0,0,0,0,0,0,0,0,0,0,0,0,0,0,0,0,0,0,0,0
9b7f33ce9ff167b0a9b0d2991df353a8,28,0,0,0,0,0,0,0,0,0,0,0,0,0,0,0,0,0,0,0,0,0,0,0,0,0,0,0,0,0,0,0,0,0,0,0
caeb15c20162f918327be89bcfa6bf13,0,0,0,0,0,0,0,0,0,0,0,0,0,11,0,0,0,0,0,0,0,0,0,0,0,0,0,0,0,0,0,0,0,0,0,0
1ffcd45d227b503598dda0c04a70da55,0,0,0,0,0,0,0,0,0,0,0,0,27,0,0,0,0,0,0,0,0,0,0,0,0,0,0,0,0,0,0,0,0,0,0,0
b14a26b8eec3eefc236cc2c825860b5e,0,0,0,0,0,0,0,0,0,0,0,0,0,0,0,27,0,0,0,0,0,0,0,0,0,0,0,0,0,0,0,0,0,0,0,0
6e50fde34a7ad1ccdd8446b46d561881,0,0,0,0,0,0,0,0,0,0,0,0,0,0,0,0,0,27,0,0,0,0,0,0,0,0,0,0,0,0,0,0,0,0,0,0
aa0d9ae5f9686e9f135cb300a5bbda6f,0,0,0,0,0,0,0,0,0,0,0,0,0,0,0,0,0,0,0,0,0,27,0,0,0,0,0,0,0,0,0,0,0,0,0,0
baf529c563f2f95c567d867944da0e23,0,0,0,0,0,0,0,0,0,0,0,0,0,0,0,0,0,0,0,0,0,0,26,0,0,0,0,0,0,0,0,0,0,0,0,0
cdd689fbb834494959ec55767f3e5fd6,0,0,0,0,0,0,0,0,0,0,0,0,0,0,0,0,0,0,0,0,0,0,0,0,0,0,0,0,0,0,0,0,26,0,0,0
96a801982bcb1917a9bcb2a4d3c11fc5,0,25,0,0,0,0,0,0,0,0,0,0,0,0,0,0,0,0,0,0,0,0,0,0,0,0,0,0,0,0,0,0,0,0,0,0
e5634e5284e49c8147148ac256337d8e,0,0,0,0,0,0,0,0,0,0,0,0,0,0,0,25,0,0,0,0,0,0,0,0,0,0,0,0,0,0,0,0,0,0,0,0
256748855d561c39538b52c416759d75,0,0,0,0,0,0,0,0,0,0,0,0,0,0,0,0,0,0,0,0,0,0,0,0,0,0,0,0,0,0,25,0,0,0,0,0
185e0ec1b87e0699f16761e4d7d74f65,0,0,0,0,0,0,0,0,0,0,24,0,0,0,0,0,0,0,0,0,0,0,0,0,0,0,0,0,0,0,0,0,0,0,0,0
b34a2a8cdbb2859b7762006e162ef12a,0,0,0,0,0,0,0,0,0,0,24,0,0,0,0,0,0,0,0,0,0,0,0,0,0,0,0,0,0,0,0,0,0,0,0,0
822da65ebf7c09a0f45130fde69d7d83,0,0,0,0,0,0,0,0,0,0,0,0,0,0,0,0,0,0,0,0,0,0,0,0,0,0,24,0,0,0,0,0,0,0,0,0
e2c86a365ebee8cfaa7feb7fbdddfd9e,0,0,0,0,0,0,0,0,0,0,23,0,0,0,0,0,0,0,0,0,0,0,0,0,0,0,0,0,0,0,0,0,0,0,0,0
8e76b2dc21ce1b644829b4d56d8090f1,0,0,0,0,0,0,0,0,0,0,0,0,0,0,0,0,0,0,0,0,0,0,0,0,21,0,0,0,0,0,0,0,0,0,0,0
70da0dba40f7494c071d042c6b1ae7d7,0,0,0,20,0,0,0,0,0,0,0,0,0,0,0,0,0,0,0,0,0,0,0,0,0,0,0,0,0,0,0,0,0,0,0,0
56904d35a50909fe96cb2da00222f82e,0,0,0,0,0,0,0,0,0,0,0,0,0,0,0,0,0,0,0,0,0,0,0,0,0,0,0,0,0,0,0,0,0,0,0,20
81e64d7eefb221e8d56d8f7e577eab39,0,0,0,0,0,0,0,0,0,0,0,0,0,0,0,19,0,0,0,0,0,0,0,0,0,0,0,0,0,0,0,0,0,0,0,0
d5c4c2f35707440e913308ec864b0b69,0,0,0,0,0,0,0,0,0,0,0,0,0,0,0,0,0,0,0,0,0,0,0,0,0,0,0,19,0,0,0,0,0,0,0,0
b2fe85b2ff1cb41d610423d7428e74ae,0,0,0,18,0,0,0,0,0,0,0,0,0,0,0,0,0,0,0,0,0,0,0,0,0,0,0,0,0,0,0,0,0,0,0,0
4a14d2e67f8bc16d1a2b9bf68fd00e97,0,0,0,0,0,0,0,0,0,0,0,18,0,0,0,0,0,0,0,0,0,0,0,0,0,0,0,0,0,0,0,0,0,0,0,0
94437fd8ac36379fe05c6b2e9ff4439c,0,0,0,0,0,0,0,0,0,0,0,0,0,0,0,18,0,0,0,0,0,0,0,0,0,0,0,0,0,0,0,0,0,0,0,0
4c108acd4047c63927d2897bf82e5dc7,0,0,0,0,0,0,0,0,0,0,0,0,0,0,0,0,0,0,0,0,0,0,0,0,0,0,0,18,0,0,0,0,0,0,0,0
9e3d9c6fad0455c47ce0ad9f80192c0c,0,0,0,0,0,0,0,0,17,0,0,0,0,0,0,0,0,0,0,0,0,0,0,0,0,0,0,0,0,0,0,0,0,0,0,0
08a7b27932ee5d2f26ee2d10e2223c95,0,0,0,0,0,0,0,0,0,0,0,0,0,0,0,0,0,0,0,17,0,0,0,0,0,0,0,0,0,0,0,0,0,0,0,0
f72328c802af6496c75e94fd07ebe9e9,0,0,0,0,0,0,0,0,0,0,0,0,0,0,0,0,0,0,0,0,0,0,0,0,16,0,0,0,0,0,0,0,0,0,0,0
20fd38698f00c51615edb1c372fff44c,0,0,0,0,0,0,0,0,0,0,0,0,0,0,0,0,0,0,8,0,0,0,0,0,0,0,0,0,0,0,0,0,0,0,0,0
f55596f4d32a61d057bf4ab701e44050,0,0,15,0,0,0,0,0,0,0,0,0,0,0,0,0,0,0,0,0,0,0,0,0,0,0,0,0,0,0,0,0,0,0,0,0
644876134a049b592af98ac7b89792b6,0,0,0,15,0,0,0,0,0,0,0,0,0,0,0,0,0,0,0,0,0,0,0,0,0,0,0,0,0,0,0,0,0,0,0,0
8eb663aafe187095f396e39a6706c95f,0,0,0,15,0,0,0,0,0,0,0,0,0,0,0,0,0,0,0,0,0,0,0,0,0,0,0,0,0,0,0,0,0,0,0,0
2624434314aa3d29344b8fcc1a3b7821,0,0,0,0,0,15,0,0,0,0,0,0,0,0,0,0,0,0,0,0,0,0,0,0,0,0,0,0,0,0,0,0,0,0,0,0
7c487e11fe64f387685b721f0c4c69a5,0,0,0,0,0,0,0,0,0,0,0,0,0,0,0,0,0,0,0,0,0,0,0,0,0,0,0,0,0,0,0,0,0,0,15,0
dcf69468e1836244c68560c6517a26fa,14,0,0,0,0,0,0,0,0,0,0,0,0,0,0,0,0,0,0,0,0,0,0,0,0,0,0,0,0,0,0,0,0,0,0,0
4317d770186af8bb00129abbad2743ba,0,0,0,0,0,0,0,0,0,0,0,0,14,0,0,0,0,0,0,0,0,0,0,0,0,0,0,0,0,0,0,0,0,0,0,0
7b58ab507a274ce5fe2f1da20f3995e8,0,0,0,0,0,0,0,0,0,0,0,0,0,0,0,0,14,0,0,0,0,0,0,0,0,0,0,0,0,0,0,0,0,0,0,0
7431d66d297c4494ffff665cbdd13963,0,0,0,0,0,0,0,0,0,0,0,0,0,0,0,0,0,0,0,0,0,14,0,0,0,0,0,0,0,0,0,0,0,0,0,0
45a411770406267b7c6b607b79b77c8e,0,0,0,0,0,0,0,0,0,0,0,0,0,0,0,0,0,0,0,0,0,0,0,14,0,0,0,0,0,0,0,0,0,0,0,0
1df971fab2ee295e2ce746be9511d55e,0,0,0,0,0,0,0,0,0,0,0,0,0,0,0,0,0,0,0,0,0,0,0,0,14,0,0,0,0,0,0,0,0,0,0,0
ad1cb8fecd9a0d4bcd40e9ef685bf96f,0,0,0,0,0,0,0,0,0,0,0,0,0,0,0,0,0,0,0,0,0,0,0,0,14,0,0,0,0,0,0,0,0,0,0,0
e57eb3d2df759a3b07cc6480bb963fa7,0,0,0,0,0,0,5,0,0,0,8,0,0,0,0,0,0,0,0,0,0,0,0,0,0,0,0,0,0,0,0,0,0,0,0,0
bf88e80573121ff8f25b3838deb73510,0,0,0,0,0,0,0,0,13,0,0,0,0,0,0,0,0,0,0,0,0,0,0,0,0,0,0,0,0,0,0,0,0,0,0,0
0151ae397529773dd2dcac0c7419dbb4,0,0,0,0,0,0,0,0,0,0,13,0,0,0,0,0,0,0,0,0,0,0,0,0,0,0,0,0,0,0,0,0,0,0,0,0
dcdc9f6c3d74093067d930383f731878,0,0,0,0,0,0,0,0,0,0,0,0,0,0,0,0,0,0,0,0,0,0,13,0,0,0,0,0,0,0,0,0,0,0,0,0
b97e992fc56cf347d56b521ddaf93ea4,0,0,0,0,0,0,0,0,0,0,0,0,0,0,0,0,0,0,0,0,0,0,0,0,0,0,0,0,13,0,0,0,0,0,0,0
cd17ea9c0619653b0e85fbc046ff744e,0,0,0,0,0,0,0,0,0,0,0,0,0,0,0,0,0,0,0,0,0,0,0,0,0,0,0,0,0,0,0,0,0,13,0,0
d90bd6f95712a9a36d0ffc1f9265fbf8,0,0,0,0,0,0,0,0,0,0,0,0,0,0,0,0,0,0,0,0,0,0,0,0,12,0,0,0,0,0,0,0,0,0,0,0
6d3625153b227a3b740da1cd62d0ca73,0,0,0,0,0,0,0,0,0,0,0,0,0,0,0,0,0,0,0,0,0,0,0,0,0,0,0,0,0,0,0,12,0,0,0,0
dcc1c718010b6fe289c8e71cb4193026,0,0,0,0,0,0,0,0,0,0,0,0,0,11,0,0,0,0,0,0,0,0,0,0,0,0,0,0,0,0,0,0,0,0,0,0
b94582ab0af8fb87213a468ae89c7496,0,0,0,0,0,0,0,0,0,0,0,0,0,0,0,0,0,0,11,0,0,0,0,0,0,0,0,0,0,0,0,0,0,0,0,0
9436a388dc9480ab39eb0004afe0e5b0,0,0,0,0,0,0,0,0,0,0,0,0,0,0,0,0,0,0,0,0,0,0,0,11,0,0,0,0,0,0,0,0,0,0,0,0
9df274a4c4c3591d292f9dea4d97029b,0,0,0,0,0,0,0,0,0,0,0,0,0,0,0,0,0,0,0,0,0,0,0,0,0,0,0,0,0,0,11,0,0,0,0,0
b7ae25b788cec487fbf4f60fb2887d7f,0,0,0,10,0,0,0,0,0,0,0,0,0,0,0,0,0,0,0,0,0,0,0,0,0,0,0,0,0,0,0,0,0,0,0,0
ca4223c993c74d54bfd2a61acae4bc0c,0,0,0,10,0,0,0,0,0,0,0,0,0,0,0,0,0,0,0,0,0,0,0,0,0,0,0,0,0,0,0,0,0,0,0,0
d7b98b98516f3b4ec9f4b40e9d0e67b0,0,0,0,0,0,0,0,0,0,10,0,0,0,0,0,0,0,0,0,0,0,0,0,0,0,0,0,0,0,0,0,0,0,0,0,0
c83f0920eeecf555927b32096a62cd3d,0,0,0,0,0,0,0,0,0,0,0,10,0,0,0,0,0,0,0,0,0,0,0,0,0,0,0,0,0,0,0,0,0,0,0,0
56fd50e11d312b36a9e12e34410954d4,0,0,0,0,0,0,0,0,0,0,0,0,0,0,0,0,0,0,0,0,10,0,0,0,0,0,0,0,0,0,0,0,0,0,0,0
52bf033ce02ad76de4c3aec2b84d6c6d,0,0,0,0,0,0,0,0,0,0,0,0,0,0,0,0,0,0,0,0,0,0,0,0,0,0,0,0,10,0,0,0,0,0,0,0
521173006ac26257487d67336c68a7dc,0,0,7,2,0,0,0,0,0,0,0,0,0,0,0,0,0,0,0,0,0,0,0,0,0,0,0,0,0,0,0,0,0,0,0,0
c51f3833a8205fb0396a309a3be76d73,0,0,0,0,0,0,0,0,0,0,0,0,0,0,0,9,0,0,0,0,0,0,0,0,0,0,0,0,0,0,0,0,0,0,0,0
bcb14fc4c22d1218a0f0f87cb6cc2fc9,0,0,0,0,0,0,0,0,0,0,0,0,0,0,0,9,0,0,0,0,0,0,0,0,0,0,0,0,0,0,0,0,0,0,0,0
a712b86a03777168071b26fd4289b207,0,0,0,0,0,0,0,0,0,0,0,0,0,0,0,0,0,0,0,0,9,0,0,0,0,0,0,0,0,0,0,0,0,0,0,0
106d14ab9ccd738b9de16e5c0e820abc,0,0,0,0,0,0,0,0,0,0,0,0,0,0,0,0,0,0,0,0,0,9,0,0,0,0,0,0,0,0,0,0,0,0,0,0
9cd880c48996714f20d5a796bd558e5d,0,0,0,0,0,0,0,0,0,0,0,0,0,0,0,0,0,0,0,0,0,0,0,0,0,0,9,0,0,0,0,0,0,0,0,0
43fbc504bd5b51d1008da7b847d38ef7,0,0,0,0,0,0,0,0,0,0,0,0,0,0,0,0,0,0,0,0,0,0,0,0,0,0,0,0,9,0,0,0,0,0,0,0
33ba3c1a6282a5f922b1a709ed869864,0,0,0,0,0,0,0,0,0,0,0,8,0,0,0,0,0,0,0,0,0,0,0,0,0,0,0,0,0,0,0,0,0,0,0,0
e0647b4c83d2cc559466215ca018895f,0,0,0,0,0,0,0,0,0,0,0,0,0,8,0,0,0,0,0,0,0,0,0,0,0,0,0,0,0,0,0,0,0,0,0,0
fd0300cac7e238b4b86aa93c8da0956a,0,0,0,0,0,0,0,0,0,0,0,0,0,0,0,0,0,0,0,0,8,0,0,0,0,0,0,0,0,0,0,0,0,0,0,0
430735490dbaa2593314111a438ad911,0,0,7,0,0,0,0,0,0,0,0,0,0,0,0,0,0,0,0,0,0,0,0,0,0,0,0,0,0,0,0,0,0,0,0,0
8b0ab3c8e300a425fde0d53113e3b1e9,0,0,0,7,0,0,0,0,0,0,0,0,0,0,0,0,0,0,0,0,0,0,0,0,0,0,0,0,0,0,0,0,0,0,0,0
ecc015bc2d66b092d9e5410330efa4de,0,0,0,0,0,0,0,0,7,0,0,0,0,0,0,0,0,0,0,0,0,0,0,0,0,0,0,0,0,0,0,0,0,0,0,0
09b1b98ba9ae4ac45465bcaf6cd10a87,0,0,0,0,0,0,0,0,0,0,7,0,0,0,0,0,0,0,0,0,0,0,0,0,0,0,0,0,0,0,0,0,0,0,0,0
311f48af441035678067ec4e94f2f1a6,0,0,0,0,0,0,0,0,0,0,0,3,0,0,0,0,0,0,0,0,0,0,0,0,0,0,0,0,0,0,0,0,0,0,0,0
adc40ba50edb7d6e2670d382eccd864a,0,0,0,0,0,0,0,0,0,0,0,7,0,0,0,0,0,0,0,0,0,0,0,0,0,0,0,0,0,0,0,0,0,0,0,0
1a1308288e86a02ab31e576acd6c48d2,0,0,0,0,0,0,0,0,0,0,0,0,0,7,0,0,0,0,0,0,0,0,0,0,0,0,0,0,0,0,0,0,0,0,0,0
2a232254e031fa799f767b31e89c9502,0,0,0,0,0,0,0,0,0,0,0,0,0,0,0,7,0,0,0,0,0,0,0,0,0,0,0,0,0,0,0,0,0,0,0,0
37f897e7fd8f537815699491089036d6,0,0,0,0,0,0,0,0,0,0,0,0,0,0,0,0,0,0,0,5,0,0,0,0,0,0,0,0,0,0,0,0,0,0,0,0
50a7f8d9a3a729fdbfccab8e01984dc0,0,0,0,0,0,0,0,0,0,0,0,0,0,0,0,0,0,0,0,7,0,0,0,0,0,0,0,0,0,0,0,0,0,0,0,0
4afa114f9329bdb8a98721e3eb88ea69,0,0,0,0,0,0,0,0,0,0,0,0,0,0,0,0,0,0,0,0,0,7,0,0,0,0,0,0,0,0,0,0,0,0,0,0
5c63610ab205bcfefce085e14a5c332a,0,0,0,0,0,0,0,0,0,0,0,0,0,0,0,0,0,0,0,0,0,0,0,0,7,0,0,0,0,0,0,0,0,0,0,0
c3a955fae9f7deca2e799a79290dad39,0,0,0,0,0,0,0,0,0,0,0,0,0,0,0,0,0,0,0,0,0,0,0,0,0,0,7,0,0,0,0,0,0,0,0,0
c76c4ecd2b73b914dacf149face41405,6,0,0,0,0,0,0,0,0,0,0,0,0,0,0,0,0,0,0,0,0,0,0,0,0,0,0,0,0,0,0,0,0,0,0,0
aa9c49b69153812b6da132282a86ddba,0,0,6,0,0,0,0,0,0,0,0,0,0,0,0,0,0,0,0,0,0,0,0,0,0,0,0,0,0,0,0,0,0,0,0,0
a192fb9824afe8f6a1cbbc4f06947f56,0,0,0,0,0,0,0,0,0,0,6,0,0,0,0,0,0,0,0,0,0,0,0,0,0,0,0,0,0,0,0,0,0,0,0,0
2933a4d057f0a0ae627f199838dc5507,0,0,0,0,0,0,0,0,0,0,6,0,0,0,0,0,0,0,0,0,0,0,0,0,0,0,0,0,0,0,0,0,0,0,0,0
c8f4f067bd9f597af5deab4ae7cec8fe,0,0,0,0,0,0,0,0,0,0,0,0,0,0,0,6,0,0,0,0,0,0,0,0,0,0,0,0,0,0,0,0,0,0,0,0
61fc136ce74b24369ab4642104beaac2,0,0,0,0,0,0,0,0,0,0,0,0,0,0,0,0,0,0,0,6,0,0,0,0,0,0,0,0,0,0,0,0,0,0,0,0
73ec2526ffdaaa3ccc81b5949568b658,0,0,0,0,0,0,0,0,0,0,0,0,0,0,0,0,0,0,0,0,0,6,0,0,0,0,0,0,0,0,0,0,0,0,0,0
59315c008294e6c129e641bfbd0d5db9,0,0,0,0,0,0,0,0,0,0,0,0,0,0,0,0,0,0,0,0,0,0,0,0,6,0,0,0,0,0,0,0,0,0,0,0
aa633ba201837256e325b0e9caa61966,0,0,0,0,0,0,0,0,0,0,0,0,0,0,0,0,0,0,0,0,0,0,0,0,6,0,0,0,0,0,0,0,0,0,0,0
fd850ede959f3b69554814e79927f635,0,0,0,0,0,0,0,0,0,0,5,0,0,0,0,0,0,0,0,0,0,0,0,0,0,0,0,0,0,0,0,0,0,0,0,0
84f0ee01174f5ca7969f7741856ff0de,0,0,0,0,0,0,0,0,0,0,5,0,0,0,0,0,0,0,0,0,0,0,0,0,0,0,0,0,0,0,0,0,0,0,0,0
8b86a554a82d0bcfc7039c8b4514e594,0,0,0,0,0,0,0,0,0,0,5,0,0,0,0,0,0,0,0,0,0,0,0,0,0,0,0,0,0,0,0,0,0,0,0,0
9f1caa17570148f53348a274c25dba57,0,0,0,0,0,0,0,0,0,0,5,0,0,0,0,0,0,0,0,0,0,0,0,0,0,0,0,0,0,0,0,0,0,0,0,0
1bf642e4fdc9db03c4c91529d222d4db,0,0,0,0,0,0,0,0,0,0,0,0,0,0,0,0,5,0,0,0,0,0,0,0,0,0,0,0,0,0,0,0,0,0,0,0
4df11357381a51d5842d7b6edbbe2ef0,0,0,0,0,0,0,0,0,0,0,0,0,0,0,0,0,0,0,0,5,0,0,0,0,0,0,0,0,0,0,0,0,0,0,0,0
0581481e7db9264da74a6bd180bab333,0,0,0,0,0,0,0,0,0,0,0,0,0,0,0,0,0,0,0,0,0,5,0,0,0,0,0,0,0,0,0,0,0,0,0,0
e5fa82c06b1d413c2cd46dfedc74f80c,0,0,0,0,0,0,0,0,0,0,0,0,0,0,0,0,0,0,0,0,0,0,0,0,5,0,0,0,0,0,0,0,0,0,0,0
3792f8dfeab106f5c9499e0c3528adf2,4,0,0,0,0,0,0,0,0,0,0,0,0,0,0,0,0,0,0,0,0,0,0,0,0,0,0,0,0,0,0,0,0,0,0,0
4282dbf0987d831a1682ad72f4018542,0,0,0,4,0,0,0,0,0,0,0,0,0,0,0,0,0,0,0,0,0,0,0,0,0,0,0,0,0,0,0,0,0,0,0,0
6fa939cb60bae21943ab0a07a5642069,0,0,0,4,0,0,0,0,0,0,0,0,0,0,0,0,0,0,0,0,0,0,0,0,0,0,0,0,0,0,0,0,0,0,0,0
8781069eebedf131a6f4c827705ccc96,0,0,0,4,0,0,0,0,0,0,0,0,0,0,0,0,0,0,0,0,0,0,0,0,0,0,0,0,0,0,0,0,0,0,0,0
6193c5ebec1ffafdabeeb1b43f266a41,0,0,0,0,0,0,0,0,0,0,0,0,0,4,0,0,0,0,0,0,0,0,0,0,0,0,0,0,0,0,0,0,0,0,0,0
55964d3da9e7bbd2945a836f5294b4bf,0,0,0,0,0,0,0,0,0,0,0,0,0,0,0,0,4,0,0,0,0,0,0,0,0,0,0,0,0,0,0,0,0,0,0,0
84b5fb384bc76ad192089e63b7088e27,0,0,0,0,0,0,0,0,0,0,0,0,0,0,0,0,0,0,0,4,0,0,0,0,0,0,0,0,0,0,0,0,0,0,0,0
6251869ddbc81d34ffbf9bde87be4fa2,0,0,0,0,0,0,0,0,0,0,0,0,0,0,0,0,0,0,0,4,0,0,0,0,0,0,0,0,0,0,0,0,0,0,0,0
c8042f75c3c3f778e2767ba650036e39,0,0,0,0,0,0,0,0,0,0,0,0,0,0,0,0,0,0,0,0,0,0,0,0,0,0,0,0,0,0,0,4,0,0,0,0
e7eeb00155ff452387ddb03423820394,0,3,0,0,0,0,0,0,0,0,0,0,0,0,0,0,0,0,0,0,0,0,0,0,0,0,0,0,0,0,0,0,0,0,0,0
acbb6a3bd34eda9d1dd538f053ec953b,0,0,0,0,0,0,0,3,0,0,0,0,0,0,0,0,0,0,0,0,0,0,0,0,0,0,0,0,0,0,0,0,0,0,0,0
5695cd14292ef3981d77aa16827fc958,0,0,0,0,0,0,0,3,0,0,0,0,0,0,0,0,0,0,0,0,0,0,0,0,0,0,0,0,0,0,0,0,0,0,0,0
7412e54f74482d03c39b6de19b60e707,0,0,0,0,0,0,0,0,0,3,0,0,0,0,0,0,0,0,0,0,0,0,0,0,0,0,0,0,0,0,0,0,0,0,0,0
e6d02e80abf5bae4a3a6867b6fb2ae4e,0,0,0,0,0,0,0,0,0,0,0,3,0,0,0,0,0,0,0,0,0,0,0,0,0,0,0,0,0,0,0,0,0,0,0,0
ba3c0dc172a1a3289ff9f1c2eb4ffacd,0,0,0,0,0,0,0,0,0,0,0,0,0,0,0,3,0,0,0,0,0,0,0,0,0,0,0,0,0,0,0,0,0,0,0,0
b9b05ddf2f7be35642b1adf52a4c3570,0,0,0,0,0,0,0,0,0,0,0,0,0,0,0,0,0,0,3,0,0,0,0,0,0,0,0,0,0,0,0,0,0,0,0,0
a96fe12bf7efe95502b835bac314783d,0,0,0,0,0,0,0,0,0,0,0,0,0,0,0,0,0,0,0,3,0,0,0,0,0,0,0,0,0,0,0,0,0,0,0,0
290d30e0e198b353ab65de1418b1b33a,0,0,0,0,0,0,0,0,0,0,0,0,0,0,0,0,0,0,0,3,0,0,0,0,0,0,0,0,0,0,0,0,0,0,0,0
4c415f2eab6f58160ef35309eb358434,0,0,0,0,0,0,0,0,0,0,0,0,0,0,0,0,0,0,0,0,0,3,0,0,0,0,0,0,0,0,0,0,0,0,0,0
c04b4c3ca4e1b256aceb9c7287f4e830,0,0,0,0,0,0,0,0,0,0,0,0,0,0,0,0,0,0,0,0,0,3,0,0,0,0,0,0,0,0,0,0,0,0,0,0
4242ed9991cfb8bdcb4c8b1699e92e6c,0,0,0,0,0,0,0,0,0,0,0,0,0,0,0,0,0,0,0,0,0,0,0,0,0,0,0,0,0,0,3,0,0,0,0,0
ce57a2b71e5bbe565d06977ce9740775,0,0,0,0,0,0,0,0,0,0,0,0,0,0,0,0,0,0,0,0,0,0,0,0,0,0,0,0,0,0,3,0,0,0,0,0
a5f102011bd4ba77fd2043ff6d6cbdcd,0,0,0,0,0,0,0,0,0,0,0,0,0,0,0,0,0,0,0,0,0,0,0,0,0,0,0,0,0,0,0,0,3,0,0,0
7ae52774c0ebf7b7f4a822be8ab5a632,0,0,0,0,0,0,0,0,0,0,0,0,0,0,0,0,0,0,0,0,0,0,0,0,0,0,0,0,0,0,0,0,0,0,3,0
474d57fef780b0d01c2f847d22f5faa5,0,0,0,0,0,0,0,0,0,0,0,0,0,0,0,0,0,0,0,0,0,0,0,0,0,0,0,0,0,0,0,0,0,0,3,0
7b0a47810d2ad377967cbf47245db58f,0,2,0,0,0,0,0,0,0,0,0,0,0,0,0,0,0,0,0,0,0,0,0,0,0,0,0,0,0,0,0,0,0,0,0,0
0ad18d1dcb73cb4f5d56c5b5de43a473,0,0,2,0,0,0,0,0,0,0,0,0,0,0,0,0,0,0,0,0,0,0,0,0,0,0,0,0,0,0,0,0,0,0,0,0
394a3b0fad2be54b911f0c5ca81e7bfb,0,0,0,0,0,0,2,0,0,0,0,0,0,0,0,0,0,0,0,0,0,0,0,0,0,0,0,0,0,0,0,0,0,0,0,0
8bc5f2a3df2fdcd360be18213523579b,0,0,0,0,0,0,0,0,2,0,0,0,0,0,0,0,0,0,0,0,0,0,0,0,0,0,0,0,0,0,0,0,0,0,0,0
2341632c26a4803f9cea66ca98c358dc,0,0,0,0,0,0,0,0,0,2,0,0,0,0,0,0,0,0,0,0,0,0,0,0,0,0,0,0,0,0,0,0,0,0,0,0
d239c7b2026e18e25cd9786e492552bb,0,0,0,0,0,0,0,0,0,0,0,2,0,0,0,0,0,0,0,0,0,0,0,0,0,0,0,0,0,0,0,0,0,0,0,0
fee82acf5e5b9324547902829cccf31e,0,0,0,0,0,0,0,0,0,0,0,2,0,0,0,0,0,0,0,0,0,0,0,0,0,0,0,0,0,0,0,0,0,0,0,0
7b100204bee2caecb8442e11b3318433,0,0,0,0,0,0,0,0,0,0,0,0,0,0,0,2,0,0,0,0,0,0,0,0,0,0,0,0,0,0,0,0,0,0,0,0
0f7b5f65968420cdc0e4b934a09d590d,0,0,0,0,0,0,0,0,0,0,0,0,0,0,0,2,0,0,0,0,0,0,0,0,0,0,0,0,0,0,0,0,0,0,0,0
e6cc216a855affb17718fc70b1fc1159,0,0,0,0,0,0,0,0,0,0,0,0,0,0,0,0,2,0,0,0,0,0,0,0,0,0,0,0,0,0,0,0,0,0,0,0
d884a779ecf3924d9bf3df82c000e871,0,0,0,0,0,0,0,0,0,0,0,0,0,0,0,0,0,2,0,0,0,0,0,0,0,0,0,0,0,0,0,0,0,0,0,0
1c982ee8aca6bcd21ccc68fce8047347,0,0,0,0,0,0,0,0,0,0,0,0,0,0,0,0,0,0,0,2,0,0,0,0,0,0,0,0,0,0,0,0,0,0,0,0
2ce2bb57e17b9881b751be40159b3c58,0,0,0,0,0,0,0,0,0,0,0,0,0,0,0,0,0,0,0,0,2,0,0,0,0,0,0,0,0,0,0,0,0,0,0,0
5fc9fb0826c46de916461ac9dd336b68,0,0,0,0,0,0,0,0,0,0,0,0,0,0,0,0,0,0,0,0,0,0,0,0,0,0,2,0,0,0,0,0,0,0,0,0
f9c02e455dd2fdd16a325ee87d1f162a,0,0,0,0,0,0,0,0,0,0,0,0,0,0,0,0,0,0,0,0,0,0,0,0,0,0,0,0,2,0,0,0,0,0,0,0
ab68b3808632d077327b6bb1c3aea5d6,0,0,0,0,0,0,0,0,0,0,0,0,0,0,0,0,0,0,0,0,0,0,0,0,0,0,0,0,0,0,2,0,0,0,0,0
c5bee0ed0abf91a21cfaf9fc9207bfb4,0,0,0,0,0,0,0,0,0,0,0,0,0,0,0,0,0,0,0,0,0,0,0,0,0,0,0,0,0,0,0,0,2,0,0,0
3030a735c8b5cc9d43d06a800eb05e03,0,0,0,0,0,0,0,0,0,0,0,0,0,0,0,0,0,0,0,0,0,0,0,0,0,0,0,0,0,0,0,0,0,0,2,0
4f1eac5b04ce27647fc26b8eb6170484,0,0,0,0,0,0,0,0,0,0,0,0,0,0,0,0,0,0,0,0,0,0,0,0,0,0,0,0,0,0,0,0,0,0,2,0