	EX-CTR	Z1-A	Z1-C	Z1-N	Z1-R	Z11-C	Z11-N	Z11-R	Z13-A	Z13-C	Z13-N	Z18-A	Z18-C	Z18-R	Z23-C	Z23-N	Z23-R	Z26-C	Z26-N	Z26-R	Z28-A	Z28-C	Z28-N	Z28-R	Z29-A	Z29-C	Z29-N	Z29-R	Z32-A	Z32-C	Z32-N	Z32-R	Z36-A	Z36-C	Z36-N	Z36-R	Z39-A	Z39-N	Z39-R	Z4-A	Z4-C	Z4-N	Z4-R	Z40-A	Z40-C	Z40-N	Z40-R	Z43-C	Z43-N	Z43-R	Z44-A	Z44-C	Z44-N	Z45-A	Z45-C	Z45-N	Z45-R	Z46-C	Z46-N	Z46-R	Z5-A	Z5-C	Z5-N	Z5-R	Z6-A	Z6-C	Z6-N	Z6-R
EX-CTR	0.0	0.956757808414199	0.7754286819981234	1.2496876715534841	0.8834909670889968	0.37500727040945514	0.3765393003914883	0.4525707874094518	1.0730322366983207	0.8278459853137131	1.0774506518404157	1.229339624230395	1.1651724016388136	1.3292851182482153	0.6192681574198521	0.6972650924442304	1.1960169672917458	0.853970811387492	0.5691570990041861	1.0755788580294563	0.7865965529941724	0.986368008036673	1.4147835920589582	1.3024725602501024	0.3455541216459574	0.33623749184458335	0.7315132154829949	0.25472719361586377	0.39108671869310285	0.857871932223074	0.5018072510642392	1.0719686014613765	0.32816612251252525	1.1643594207524774	0.9832154414650728	0.3188369819619764	0.32925004498497185	0.36332532927636135	0.7653064169612663	0.4891898361283589	0.33116253844984217	0.47571084648258727	0.3775611805530175	0.8817820412004674	0.3143741236408419	0.63959533689996	0.2867408756864754	0.4935812697194525	1.013856164361478	1.0805027886946241	1.099358429449999	0.7576350432374325	1.0839250007467933	0.31453652358464457	1.0416334673126562	0.5302508333315351	0.50661195711545	0.35568641080143537	1.304229995574362	0.5444702631715805	1.1184593149048359	0.555507769487667	0.9646117077050046	1.397592543528423	0.9603806493386842	1.1338006870800026	0.5777700311188398	1.1346119144801754
Z1-A	0.956757808414199	0.0	0.26539343114493674	0.4266993814078248	0.2125026029086123	0.9786202603565719	0.9377306492795886	0.7037580880058797	0.26315479864197844	0.2628325752658623	0.2877759715538656	0.3884905237412405	0.3434204197836864	0.4714783433290423	0.630761003675288	0.38223260684340554	0.3590384985123351	0.16450640097708075	0.5061203811989411	0.23309527407718125	0.2776030508460988	0.16301214049902482	0.5749003492167055	0.43888568815120493	0.9396407706844185	0.9680259976560172	0.35090313267937673	0.9203202046944537	0.8472471273065726	0.3429160804493856	0.60077520045911	0.24147998012923405	0.9614064403239462	0.32434652863763225	0.16222456610469657	0.9542334572454315	0.8786317212099034	1.000181237543888	0.28384178236524515	0.7333948328576025	0.7842857641974953	0.7166526349294412	0.7936361528706034	0.1932683994482979	0.9661079340789634	0.5364617270578996	0.9258320506332933	0.8009058261041131	0.18803121469443534	0.25328336779224336	0.3214800534440308	0.30399610907800045	0.2549907583378291	0.8840848001667221	0.24975153546914022	0.6862568310630855	0.6199347247220662	0.9749390733039375	0.4659196908231755	0.5607512329237978	0.2816056245867164	0.5307090185782947	0.14528051923178834	0.5310519184460759	0.1475781667775421	0.28914124554996773	0.4903938699850124	0.2828539674694569
Z1-C	0.7754286819981234	0.26539343114493674	0.0	0.5607761464613638	0.2083671576610443	0.7813406234341786	0.7476199225459175	0.5645029985212913	0.4033415775679532	0.17797097332485734	0.4239133560108106	0.5091003863799161	0.47609649537447185	0.6364270712557927	0.500803100859441	0.19634745895226713	0.4847927082966696	0.17290742690148772	0.3837206330075531	0.38367589453102346	0.15522112699098303	0.26112429728138675	0.6863885525258824	0.5982979575404047	0.7843248256243622	0.8275009756785584	0.19972171104694728	0.7252710056906412	0.7165975497783948	0.26173586169900537	0.43437754364396974	0.3827346327881352	0.7584053458251047	0.4476170858123346	0.2775111126866231	0.7483520491315173	0.6955567743263662	0.7852674577561165	0.15780179042321335	0.6080493696221579	0.5724327458929019	0.5611186829704982	0.6166963097092865	0.21575089282635637	0.833662257651336	0.414538440116618	0.7698118206684346	0.6771872725350717	0.28131140430442086	0.3971675373064124	0.4019035876104635	0.1877967868160046	0.3714964697868663	0.7354776036361594	0.378884263539081	0.5469359652935449	0.4615572072057057	0.8464008464104329	0.5876869837607598	0.36416501723046635	0.41248625355906904	0.3816529547641813	0.23865914209792446	0.6789630120294027	0.2572331671891351	0.42073590605522004	0.3506525313619452	0.4311551219021057
Z1-N	1.2496876715534841	0.4266993814078248	0.5607761464613638	0.0	0.5024670058714753	1.2453923901065922	1.204567498951505	1.0035524819219181	0.245192398458815	0.5384432631650582	0.2818915986145098	0.1079795688880265	0.18753178866766146	0.14964451432365058	0.8947111248197392	0.6636519860464216	0.10487668535228006	0.48488949433363426	0.8372859048764473	0.3039043928487946	0.5644549742788963	0.36818658666989124	0.2225117894216531	0.10648613030284294	1.2318523118459614	1.2455625905224448	0.6637897464193259	1.2410909246248436	1.1443204898380974	0.6145706373898923	0.9018264673111799	0.3674262420468799	1.2252240864801927	0.1596657487879483	0.3771849190531482	1.2206788442060799	1.145941131023818	1.250138691229508	0.6099328539019756	1.0279304727290834	1.0936593626207025	1.009474767164011	1.1028572722999994	0.4852460674461879	1.2581121774393909	0.7886521402242275	1.2322416194433643	1.0678547920737675	0.3893753950243827	0.23276601005269573	0.2738122005615292	0.6020234064533287	0.2490688522021241	1.184956487933012	0.2923540649623151	0.9568554600153085	0.9165979710464731	1.239547344984598	0.10945807348202606	0.8600206870905414	0.18660610849759926	0.8172361644667443	0.3703510734082469	0.19188601269393601	0.3611952046841552	0.23724404533916743	0.8321255492539967	0.17797249090415385
Z1-R	0.8834909670889968	0.2125026029086123	0.2083671576610443	0.5024670058714753	0.0	0.9001896068642976	0.8591290020479961	0.6295644677446325	0.32417534038367185	0.16684833466598029	0.34385509035982786	0.4588507570429172	0.42500003399917247	0.5590304820450401	0.532620639989565	0.3235812146014733	0.4494071759026063	0.14023982231243734	0.42413864781317795	0.34263846067971765	0.18282264197559295	0.25933837610441596	0.6562540018567679	0.523786410320445	0.8421554819910727	0.7871434241026579	0.2843043943052994	0.8055365024484159	0.7284013209193643	0.24153880288620377	0.4861106694465544	0.3281142764923062	0.8634399715089157	0.3900268086015715	0.21862451264751365	0.8641858202558284	0.8161366825313507	0.9093380419559214	0.2290967545376549	0.626128703466659	0.6937087330732357	0.6515500216185232	0.7276594290919244	0.1387967294591862	0.8846115754449646	0.42853490332890215	0.882343318152819	0.6826021409056662	0.2813016196105832	0.33893945068487086	0.402591324833189	0.23172065519899887	0.36734142097022776	0.7910084207688219	0.3062957647140446	0.5755133357627088	0.5229125127579242	0.8365120367086157	0.5492355537266566	0.43941202923529665	0.3821533605741767	0.45819844066969023	0.22956857106946318	0.6144743183836601	0.24886844517244164	0.3888740787005014	0.4289538049330424	0.3898799253955794
Z11-C	0.37500727040945514	0.9786202603565719	0.7813406234341786	1.2453923901065922	0.9001896068642976	0.0	0.08246977352622246	0.342018518400169	1.0942993765593356	0.8566078726477904	1.1026073260996982	1.2096986747435488	1.1601690772553828	1.3255080891295832	0.6674002766978199	0.647234729017696	1.194657336520498	0.9074538474224323	0.6613470519221625	1.1052108431879935	0.8423127753292021	0.9982734857047245	1.3774602173286568	1.2863508621467326	0.31129804501475145	0.3091509548746989	0.722407289927677	0.27616703119867153	0.33398542192862896	0.908163186538432	0.5315773454088096	1.0933130040995904	0.1083914213342522	1.1320973411580024	0.9771560477781027	0.16551885752384035	0.4102894099665363	0.0836621107855848	0.7755720253954017	0.5380499161352923	0.34105622952903475	0.4959250657363366	0.2986674257688322	0.8837497633124225	0.3902554124730981	0.7050862508804283	0.3986748560799581	0.5338779754627497	0.8806117594530551	1.114270471442946	1.055244132796653	0.8087029468374213	1.0903422204556064	0.3853178739816886	1.0658051211850021	0.5822150335565163	0.6040253047043873	0.3994632050008137	1.2732513735069106	0.5156763420821128	1.1059534192534843	0.6506926403699271	0.9461993035095284	1.3623669244011491	0.9646985018518273	1.0941771720835292	0.5967723400689479	1.1550343778397836
Z11-N	0.3765393003914883	0.9377306492795886	0.7476199225459175	1.204567498951505	0.8591290020479961	0.08246977352622246	0.0	0.2927608632075468	1.0594946424623675	0.8261923772054006	1.0723821864456433	1.1738724427023897	1.1285896164565261	1.286228488431525	0.6333736250406519	0.6075139894301133	1.1550786585031756	0.871995127141849	0.6198221704956308	1.0755882915579815	0.808466524838065	0.9622938646066682	1.3449492384538142	1.2463097396793987	0.29155534175423375	0.31567079857507707	0.6881780770818156	0.2908946589493864	0.3008797959872564	0.8692157913596466	0.4943644688407031	1.0576085497880068	0.1540839896958031	1.0913615277061501	0.9364419720972821	0.19187572458004465	0.3698509138235542	0.16341363218506755	0.7393511783654244	0.5130133367441991	0.3214259124480435	0.45925636445145496	0.262810898921426	0.8476768054552407	0.39459980125662864	0.6692363475892523	0.38191888176879957	0.49283492298291565	0.8521784838075593	1.0781376798070925	1.0308891470629489	0.7729789888052374	1.0492940203032097	0.34919150401672167	1.0308382742290438	0.5461977766020375	0.5676977517594518	0.3862273726581022	1.2393177157426334	0.4800362262048273	1.0696957251814434	0.6143741652082435	0.9120260600160084	1.3234930468853523	0.9287211137306816	1.060006297723782	0.5657559550214605	1.114545347995779
Z11-R	0.4525707874094518	0.7037580880058797	0.5645029985212913	1.0035524819219181	0.6295644677446325	0.342018518400169	0.2927608632075468	0.0	0.8309800297766392	0.6219823283037424	0.8535982151628152	0.976146334207036	0.9147431095423092	1.0836496121634271	0.42261861905558523	0.41804866062446966	0.9395339499971386	0.625796057284097	0.37436880305875947	0.8364740821234514	0.5787283394001187	0.7571133969151176	1.1586909398776726	1.044055791782441	0.40918465047600866	0.4351161572270408	0.47667594572694205	0.41340746454845473	0.27581701960956445	0.6343008216877477	0.28018836362488514	0.8155410129006576	0.37927919822709766	0.9082898498763887	0.7311490230726698	0.3786310865913723	0.38918181222421017	0.4225478440865033	0.5027411804877312	0.2644033441756196	0.26192977307611726	0.2593753186844226	0.20789654459528228	0.6260596513429215	0.4880677392059998	0.43354336005860283	0.4481526562984856	0.31348691685504604	0.6927673132798091	0.8366064799199752	0.8682728605138782	0.5574243595960972	0.8502863531259097	0.39662012214896786	0.8152636816976757	0.3152798059669195	0.31610253730284027	0.47989038025977526	1.0475544013235725	0.28188009818977294	0.8534049043508534	0.37493423877522153	0.7258247287920147	1.1397008386391723	0.706609390181594	0.868687381729652	0.34527493920455266	0.886057438926905
Z13-A	1.0730322366983207	0.26315479864197844	0.4033415775679532	0.245192398458815	0.32417534038367185	1.0942993765593356	1.0594946424623675	0.8309800297766392	0.0	0.3133841622565895	0.05942875023871697	0.21936574943556894	0.16104204284290186	0.31320348226681854	0.692679691593346	0.5372910774775793	0.17888978416154072	0.2750325521051344	0.6267540477649716	0.14595503080350075	0.3566854153185908	0.2193406839504272	0.383119372039022	0.2753303410080955	1.0568119054669527	1.031040782050627	0.4757477523533573	1.0404845192392378	0.9494264511884152	0.4155271530721726	0.7008926082005802	0.1989376700358396	1.0610589151857555	0.1666382926843172	0.22931397854601163	1.065074558168693	1.0358564056504926	1.1032344654275639	0.44140563083888307	0.8076748524933123	0.8721127620129805	0.857330337729888	0.9362618794129376	0.26437932509366413	1.029723923702882	0.5862977398108046	1.0763065908439018	0.8491371775300948	0.2387374054239617	0.06385263581651139	0.139877016241838	0.39925133635327964	0.10874578431913212	0.9627894716380885	0.06777888380026142	0.7369687469819223	0.7442412700048238	1.0292097879845903	0.27733969241938566	0.6931483660483153	0.12189938313892201	0.6457580997630372	0.2201910632373005	0.36686513342944016	0.19473137481025915	0.12238459999975121	0.6018940635975375	0.1345739697467002
Z13-C	0.8278459853137131	0.2628325752658623	0.17797097332485734	0.5384432631650582	0.16684833466598029	0.8566078726477904	0.8261923772054006	0.6219823283037424	0.3133841622565895	0.0	0.2900720136001406	0.5135619837714472	0.43939970758604785	0.603688923216777	0.43142712528710064	0.31313843845940076	0.4769495456370792	0.16484923270892918	0.4098822973784145	0.38141026058707156	0.11193595728982696	0.2976063410648417	0.6822627511967699	0.5702566450768001	0.8476037819905288	0.8327726462380495	0.256148305635922	0.8126006414583754	0.7324353633209574	0.16982834220456353	0.46165193266892807	0.3559305293134012	0.8270904399493164	0.4382652996575385	0.2804727111054982	0.8412995741183643	0.8157263853187354	0.8636619714938639	0.23174241507807086	0.5634189641597097	0.6452221288400458	0.6653247891910573	0.7146990730994365	0.12978619183277504	0.7800187781333165	0.33619575904216126	0.8640654182627827	0.6114809302889914	0.27947155648483984	0.3621740310588302	0.4005870645381972	0.15185290668196907	0.4010996665021724	0.696196777194157	0.2726824816721152	0.4788308561386165	0.541155147607929	0.7864932387178462	0.5770999176452337	0.4702674634836019	0.4120189275852946	0.41588346121523473	0.2705248952325671	0.6608306734288902	0.27089641169277756	0.4080015935440094	0.3434400226051263	0.4350098724348028
Z13-N	1.0774506518404157	0.2877759715538656	0.4239133560108106	0.2818915986145098	0.34385509035982786	1.1026073260996982	1.0723821864456433	0.8535982151628152	0.05942875023871697	0.2900720136001406	0.0	0.25651275376580596	0.18510640411270832	0.3449657556206664	0.6705255447424121	0.5609947455978113	0.22230851575173108	0.3013810996639822	0.6342263160463801	0.16333286830504015	0.3551783731601937	0.2355511862768441	0.41523006653534983	0.30906030553761993	1.0795264273429515	1.0502834722151162	0.4944120148510422	1.0577489470537234	0.966780268535839	0.38257957436074097	0.7170870831599296	0.21121315176851332	1.0732309943893903	0.2008826620876629	0.2494829666321866	1.0891706722376242	1.05338282600344	1.109739850760215	0.46784724853396825	0.7895660462984944	0.8902044968037575	0.8785437602467816	0.9584474523408322	0.2788561364470302	1.0063037034321043	0.5548967288911489	1.0996465343849056	0.816501115898898	0.25042930184633166	0.10664604702356949	0.17026005308929726	0.40305815834775777	0.15420317782982354	0.9409608094235403	0.05535782582381306	0.7067496568905327	0.7641269900295397	1.0000956278151858	0.32118079584291315	0.7166419622499992	0.16535812240327513	0.6662896990657464	0.24691835587880573	0.39907349702053957	0.22315801491953638	0.16133003396707352	0.5957371804778501	0.17606202263554543
Z18-A	1.229339624230395	0.3884905237412405	0.5091003863799161	0.1079795688880265	0.4588507570429172	1.2096986747435488	1.1738724427023897	0.976146334207036	0.21936574943556894	0.5135619837714472	0.25651275376580596	0.0	0.1527262301009904	0.19142908298483013	0.8578231493351939	0.6432004784772756	0.06691604596180582	0.435726775621687	0.8004246051768442	0.28140973603638336	0.5307843300851163	0.3232777575901477	0.23843539082514495	0.155241237424049	1.1837711143876626	1.1896206157197327	0.6184047498354025	1.1810421218367226	1.096212683636554	0.6192486440520205	0.8408769099826722	0.3240567108893746	1.19139420159319	0.13039552996823287	0.3167953083044117	1.1807959995791735	1.138731785604784	1.2135979196436641	0.5472329376301234	0.9740006277041718	1.0464644521645292	0.9834580837756217	1.0528247600347866	0.45211445817856244	1.2210432805066749	0.7743215036247567	1.214300727854998	1.0295514777894965	0.35522202551300985	0.1973033508269998	0.24368868046148276	0.5711410968531848	0.21129072969356244	1.1413214601962192	0.2670231211782111	0.9190201332770891	0.876941464482405	1.1957141435937249	0.1332595984572881	0.7935867562137905	0.14439066570326808	0.795376725082668	0.30356673290843617	0.23646699228130114	0.3202277090589157	0.1997784392547648	0.7832190019178723	0.15523224876551128
Z18-C	1.1651724016388136	0.3434204197836864	0.47609649537447185	0.18753178866766146	0.42500003399917247	1.1601690772553828	1.1285896164565261	0.9147431095423092	0.16104204284290186	0.43939970758604785	0.18510640411270832	0.1527262301009904	0.0	0.25112616930619586	0.7909575513203967	0.6123783136426351	0.12932160711423826	0.37962691795284986	0.7637845740199456	0.22956303102053227	0.44930100532660466	0.28733542513579513	0.32379926978068957	0.21825854007560525	1.1398447036906074	1.1532885513425881	0.5701641893869651	1.155040671328763	1.055899563252179	0.54942760194433	0.7959147126626718	0.27132665003924306	1.1336008629464183	0.09711265469043474	0.30829834525079314	1.13084753792118	1.104928767314048	1.1673390381109423	0.5157988919935503	0.9384600127335759	0.9997111532339075	0.9390581698027198	1.0084058632051318	0.3890769195513357	1.165066600499398	0.7186545748650053	1.1549873568408702	0.9781639218837591	0.3066734739615515	0.1514284694128942	0.19498447385849993	0.49410707259052467	0.18411806053318033	1.0864132127481883	0.20121405073137424	0.8591784292779876	0.8408038348796494	1.1523540689646947	0.22402919988917688	0.7681379941884705	0.10881889228965984	0.7069977989542425	0.2968210004224847	0.3105763554352351	0.2717146705607713	0.11595859068665676	0.7283035260613203	0.11428523825317305
Z18-R	1.3292851182482153	0.4714783433290423	0.6364270712557927	0.14964451432365058	0.5590304820450401	1.3255080891295832	1.286228488431525	1.0836496121634271	0.31320348226681854	0.603688923216777	0.3449657556206664	0.19142908298483013	0.25112616930619586	0.0	0.9426672711249195	0.7530441212655149	0.1646917547605414	0.5470743038180088	0.8916909506268437	0.3721447228212934	0.62356314085749	0.4399017083386851	0.2208583911233931	0.07670957000024979	1.2896129269872532	1.314866862294858	0.7272070636281464	1.3143793490284719	1.2227312819417606	0.6202117689222141	0.9736433332846088	0.4267790543261696	1.2955819754281388	0.23443478456881103	0.45843199290398057	1.2956550425048006	1.251429101281372	1.3307605141055074	0.6841304402360984	1.1037256931981576	1.1627749008145558	1.0705706233344854	1.179021067554969	0.558414989367938	1.3232792609363941	0.8791090730553871	1.3144250616392006	1.129608454711145	0.46975725548557956	0.30913333955038286	0.3575963888530358	0.6719434201517156	0.3388040852417156	1.2582176953268895	0.35847335463648433	1.0334059808482463	1.0042119767353321	1.3141812929517063	0.13312954995808673	0.9293779941921039	0.2754979533159479	0.9102787266703778	0.4549982849906134	0.16038732226746666	0.43332923193331135	0.3080305882459779	0.8915478508626923	0.25069869774317166
Z23-C	0.6192681574198521	0.630761003675288	0.500803100859441	0.8947111248197392	0.532620639989565	0.6674002766978199	0.6333736250406519	0.42261861905558523	0.692679691593346	0.43142712528710064	0.6705255447424121	0.8578231493351939	0.7909575513203967	0.9426672711249195	0.0	0.4098300554442456	0.828717335622145	0.5378201040902933	0.27036622859508036	0.736514812008237	0.4182152815528811	0.6409724642434758	1.016707811271956	0.9144842344502135	0.6408097253396212	0.621623336287609	0.4078822592911049	0.6360437554940551	0.5400919461625545	0.45153274011193634	0.2742051798173975	0.7070396243745609	0.6370500599557684	0.8125972534066674	0.6511031832676928	0.6424949994548664	0.6138550896484783	0.6729200287220939	0.45995543580001247	0.32752389340988775	0.46709839603734726	0.43915097646544016	0.5217865757887183	0.5223905173833486	0.4783312802176387	0.22371123795910458	0.6580859961560633	0.292640523170169	0.6710563245861954	0.7330143980906856	0.7874588691974024	0.39913358998030013	0.761439647230003	0.46727117160319104	0.6568584033380901	0.22921211022960084	0.333127135543595	0.47619038740985853	0.9276731943409677	0.27548318377745934	0.7762188535762334	0.28277598521622127	0.6487856375977865	1.005666064473342	0.6471292967046902	0.7646935878658224	0.24679903827938887	0.7869809900979087
Z23-N	0.6972650924442304	0.38223260684340554	0.19634745895226713	0.6636519860464216	0.3235812146014733	0.647234729017696	0.6075139894301133	0.41804866062446966	0.5372910774775793	0.31313843845940076	0.5609947455978113	0.6432004784772756	0.6123783136426351	0.7530441212655149	0.4098300554442456	0.0	0.6168900101719427	0.3241486842209769	0.29432479272008377	0.519354033191136	0.2899635533831048	0.4103765501765458	0.8220135974359394	0.7199284456441992	0.6783828295650179	0.7239136374173187	0.15269266972275902	0.6433444247463606	0.5835916073767575	0.3298500343246612	0.3352083128616481	0.5123888244729161	0.6498808828322701	0.5674157726478739	0.40878297213993253	0.6370308647983498	0.5895010167327732	0.6720041811382587	0.19201383516420853	0.5074890833143074	0.48805579866990784	0.479166680933309	0.49765837598764545	0.33581765417119436	0.748889905716372	0.31107870212132865	0.6960781196872697	0.5793761401516514	0.3724910377127071	0.5351073027802986	0.5228247118376969	0.25106492742674513	0.5016612577778784	0.6488257128240321	0.5155043594299737	0.4610195932944807	0.3870245908403501	0.7481749814697978	0.7136439743167579	0.2540062754227173	0.5322217726164425	0.2770034288865111	0.3679090101804179	0.7987703797093131	0.390504232632405	0.5392462953079055	0.24069315999814514	0.5555094663508057
Z23-R	1.1960169672917458	0.3590384985123351	0.4847927082966696	0.10487668535228006	0.4494071759026063	1.194657336520498	1.1550786585031756	0.9395339499971386	0.17888978416154072	0.4769495456370792	0.22230851575173108	0.06691604596180582	0.12932160711423826	0.1646917547605414	0.828717335622145	0.6168900101719427	0.0	0.4018472607779792	0.7708985887129013	0.23536809336945239	0.4975229876950302	0.3026714315498508	0.24002725367413044	0.12993034385467098	1.1506335182396767	1.1817471975197962	0.5788637065384751	1.1649965340924164	1.0940798959255753	0.5810202419290109	0.8328295758299055	0.29073615950649107	1.161169170403822	0.12479432383413587	0.3180001314771291	1.163688268030162	1.1178939862620159	1.1999097614264214	0.5362695404739057	0.9550388022662109	1.011436596182318	0.9423816785176421	1.0258881216547378	0.4291885362092323	1.1777287093300777	0.7487769389839779	1.1763586367850496	1.0006430469375702	0.3404190269745251	0.1602549140014854	0.22991344751675447	0.5413199992853596	0.19226241312151476	1.1061866363350021	0.22902017221933196	0.900451035461158	0.8566694520846417	1.1837774552226816	0.13694688239660133	0.7787890807433766	0.13910515579862542	0.7603404132323656	0.30415707283467225	0.21975427555886043	0.2850269308091979	0.18131125229892214	0.7453480093074166	0.11547095504444478
Z26-C	0.853970811387492	0.16450640097708075	0.17290742690148772	0.48488949433363426	0.14023982231243734	0.9074538474224323	0.871995127141849	0.625796057284097	0.2750325521051344	0.16484923270892918	0.3013810996639822	0.435726775621687	0.37962691795284986	0.5470743038180088	0.5378201040902933	0.3241486842209769	0.4018472607779792	0.0	0.4297804119389009	0.2892369915360785	0.17939019878068757	0.19752384865188757	0.6150026657429477	0.5135725544832132	0.8625103554765093	0.8704619518187948	0.2736951744140228	0.8267938748779787	0.7701112288307388	0.27393531761462503	0.5191624219432486	0.27419975539950864	0.879078947991813	0.385150880353574	0.21566119727997307	0.8733525220513753	0.818575586046876	0.9236287264644583	0.2210394047385989	0.6286324020537551	0.6718114309593181	0.6456315482027076	0.7040622197414877	0.10213186307625331	0.8623345835417695	0.44149662055238975	0.8510579717383715	0.6993175442177857	0.23714841047976998	0.2855574103688092	0.36547083689014936	0.22836847569390883	0.29593639230919117	0.7835051585587266	0.2596169170930567	0.5738757766468202	0.5187566089458028	0.8676909320438423	0.5081413408398607	0.47954078283766793	0.322062994316378	0.44790710892202173	0.1865464125658916	0.6022611711490045	0.18386947043228125	0.3298364840164742	0.40998189663468965	0.33954910932878435
Z26-N	0.5691570990041861	0.5061203811989411	0.3837206330075531	0.8372859048764473	0.42413864781317795	0.6613470519221625	0.6198221704956308	0.37436880305875947	0.6267540477649716	0.4098822973784145	0.6342263160463801	0.8004246051768442	0.7637845740199456	0.8916909506268437	0.27036622859508036	0.29432479272008377	0.7708985887129013	0.4297804119389009	0.0	0.6389024550199212	0.3893276267696485	0.5511443019581727	0.9954342696317806	0.855267151162728	0.6004233901097797	0.5885846348254823	0.31794076386517345	0.533271419379641	0.48742493178244584	0.39414217353472997	0.23697473072445466	0.6485195313811642	0.6274155951907149	0.7261228175867438	0.557906079495085	0.6203731172592793	0.5116423209822422	0.6723401311313225	0.3477296257074781	0.32683873305088584	0.358024605966716	0.33817566128967275	0.46483658452864174	0.43792559614842963	0.5741582159258368	0.20696213956963172	0.5542405754651605	0.401894573695109	0.6171919386133492	0.6488557328187423	0.7406643385653389	0.35666439152740886	0.6520368068773553	0.479595170354966	0.5930989826536407	0.2779480941445182	0.21835574850932402	0.571131887283248	0.8843054044186417	0.21181237116689558	0.7021158794058319	0.192916450694295	0.5435204039690783	0.9482825079397268	0.5624704790405252	0.7131653557729825	0.1538036107748651	0.697842240905721
Z26-R	1.0755788580294563	0.23309527407718125	0.38367589453102346	0.3039043928487946	0.34263846067971765	1.1052108431879935	1.0755882915579815	0.8364740821234514	0.14595503080350075	0.38141026058707156	0.16333286830504015	0.28140973603638336	0.22956303102053227	0.3721447228212934	0.736514812008237	0.519354033191136	0.23536809336945239	0.2892369915360785	0.6389024550199212	0.0	0.40008975893618315	0.2000457574946572	0.4577705540859984	0.33370948562451064	1.0583261067548075	1.0791917189631166	0.4871409575670676	1.0343449137833383	0.9836113402462102	0.4721663795775533	0.7331772473002186	0.19928329575923212	1.0747006959902126	0.2280348088454084	0.22977452154248093	1.0690464427781114	0.9954570963120691	1.1094532537781554	0.43336199950041404	0.8026066583352549	0.8955673559046411	0.8262611850922361	0.9300257474058168	0.3302744960625474	1.0708105646655273	0.6450312354386224	1.0427033060802973	0.9025502183346806	0.26455224599790655	0.13829008663178874	0.2233472581304618	0.4412066768298474	0.14790685690437447	0.9995983221281052	0.13590452240762046	0.8039899142531597	0.7346157978392603	1.0861452501993485	0.35429865781161995	0.6856731398179392	0.19486444114380103	0.6488233298209545	0.21427379938776972	0.43197022534235907	0.2007921099942138	0.19290679437786365	0.6384032279795175	0.16300570166866996
Z28-A	0.7865965529941724	0.2776030508460988	0.15522112699098303	0.5644549742788963	0.18282264197559295	0.8423127753292021	0.808466524838065	0.5787283394001187	0.3566854153185908	0.11193595728982696	0.3551783731601937	0.5307843300851163	0.44930100532660466	0.62356314085749	0.4182152815528811	0.2899635533831048	0.4975229876950302	0.17939019878068757	0.3893276267696485	0.40008975893618315	0.0	0.304990675175676	0.7018669170948895	0.5917662098632931	0.8163520066846855	0.7967875139190151	0.22648039445573712	0.7958054256160404	0.7071446007416066	0.18650895399322814	0.43601562600236393	0.3798257981064993	0.814919875592771	0.46308490210088715	0.30697144125406545	0.7962251355100027	0.7884167612737312	0.8541810800936899	0.1935907766123374	0.55366339590521	0.6421973247375103	0.6223727468774368	0.6739922250440845	0.16987598935473147	0.7945864605468572	0.34971271275242494	0.8283417456580123	0.6192763195836886	0.3203436636200922	0.395165083523265	0.44155235756050926	0.12487055078241499	0.416491710910397	0.7139133830791755	0.3232026850348613	0.47956429365661146	0.5012984057068123	0.7884434023813713	0.598844585255025	0.4379242184566135	0.41691167922386596	0.3893064082040343	0.3002174076626211	0.6831259175364011	0.2805193384397225	0.4191917494269394	0.34233282884425625	0.455107346251872
Z28-C	0.986368008036673	0.16301214049902482	0.26112429728138675	0.36818658666989124	0.25933837610441596	0.9982734857047245	0.9622938646066682	0.7571133969151176	0.2193406839504272	0.2976063410648417	0.2355511862768441	0.3232777575901477	0.28733542513579513	0.4399017083386851	0.6409724642434758	0.4103765501765458	0.3026714315498508	0.19752384865188757	0.5511443019581727	0.2000457574946572	0.304990675175676	0.0	0.49953100252302496	0.3965379396927485	0.9664206405270624	0.9894576952828759	0.38854137872504213	0.9460717662279865	0.9006904870908452	0.3999783555980817	0.6451138670922713	0.1939676877204943	0.9729445224887101	0.28080371165261314	0.12383902588023413	0.960323061552266	0.8782096824907645	1.003531907671597	0.3396676394712508	0.7686782226779776	0.789778947898462	0.7201138065628584	0.8285986162603929	0.22437157895401105	0.9908238858929779	0.5620333870892458	0.9487427298313932	0.8125644164536217	0.15957308000033138	0.20964719150805258	0.266283242607636	0.35662675097702334	0.19961854051674077	0.9132372574329463	0.19742755310114019	0.7141670666410518	0.6266646577345335	0.9860477925898465	0.4005711699563442	0.5746799038713488	0.23751548071712372	0.566920141202717	0.10912757880717389	0.48935813257261385	0.11925835897197423	0.23495162481072204	0.5561602342431862	0.24205594454750004
Z28-N	1.4147835920589582	0.5749003492167055	0.6863885525258824	0.2225117894216531	0.6562540018567679	1.3774602173286568	1.3449492384538142	1.1586909398776726	0.383119372039022	0.6822627511967699	0.41523006653534983	0.23843539082514495	0.32379926978068957	0.2208583911233931	1.016707811271956	0.8220135974359394	0.24002725367413044	0.6150026657429477	0.9954342696317806	0.4577705540859984	0.7018669170948895	0.49953100252302496	0.0	0.17714572890790445	1.3710682730615	1.38686025956123	0.7955136327649313	1.3825830896505447	1.2979128163412317	0.7861978748009639	1.0460694309007394	0.500372962731716	1.3647997415725621	0.32015466034523	0.5265221107923228	1.3590612996477873	1.324819693595308	1.3813185284223222	0.7552888329597938	1.176759194441282	1.2284842566866219	1.1560467805430263	1.2452975217072193	0.6299495074486405	1.3973319964692188	0.9552705077357234	1.3950036957910232	1.2035861445150704	0.5198370119916425	0.37416467618723337	0.4080527912707113	0.7473872601299063	0.3929308173335484	1.3299575986856316	0.4308975607369811	1.105590168563637	1.0759505009373205	1.3887794224428602	0.1382066561881341	0.9978410607387277	0.3296125680878799	0.9818139993090877	0.5028567747013183	0.08274915852731811	0.49943194396225155	0.3704137164590697	0.962702289771167	0.33251354479936723
Z28-R	1.3024725602501024	0.43888568815120493	0.5982979575404047	0.10648613030284294	0.523786410320445	1.2863508621467326	1.2463097396793987	1.044055791782441	0.2753303410080955	0.5702566450768001	0.30906030553761993	0.155241237424049	0.21825854007560525	0.07670957000024979	0.9144842344502135	0.7199284456441992	0.12993034385467098	0.5135725544832132	0.855267151162728	0.33370948562451064	0.5917662098632931	0.3965379396927485	0.17714572890790445	0.0	1.2631217478934667	1.2775947963496954	0.6921649205266689	1.279784232093999	1.1851830424858756	0.6360060437053389	0.9389023141663758	0.397735214387758	1.25675244483384	0.197959175635782	0.42060609933160065	1.25862168392087	1.2113972824844328	1.291617083013748	0.6480410010717884	1.0689465191635243	1.1277459394005152	1.0318016956200444	1.1426776837439627	0.5117909325086035	1.2874645452591882	0.8411847594996286	1.2858084111494947	1.0966701657752718	0.4298607171844939	0.2692867809937568	0.31569061238856605	0.6373179685917427	0.2976684353331453	1.220472048736919	0.3221494247513175	0.9922819261375531	0.9703689844953172	1.2715632389320686	0.08437769701079652	0.8934000188667554	0.23859789818004734	0.872410551054474	0.41718328071936767	0.12108146186113035	0.39610197898325783	0.27109036723309426	0.8582232967913416	0.21321909370167358
Z29-A	0.3455541216459574	0.9396407706844185	0.7843248256243622	1.2318523118459614	0.8421554819910727	0.31129804501475145	0.29155534175423375	0.40918465047600866	1.0568119054669527	0.8476037819905288	1.0795264273429515	1.1837711143876626	1.1398447036906074	1.2896129269872532	0.6408097253396212	0.6783828295650179	1.1506335182396767	0.8625103554765093	0.6004233901097797	1.0583261067548075	0.8163520066846855	0.9664206405270624	1.3710682730615	1.2631217478934667	0.0	0.2625841749375586	0.7099254399980724	0.290249378041737	0.32433206775401097	0.8705652245113288	0.5085313462470625	1.035130672524366	0.27638405005185324	1.121355812551207	0.9379053218482682	0.2806333518781129	0.3833219272137751	0.31892503663505123	0.7317671878058192	0.4899682755419204	0.35310884223914535	0.45761644351327047	0.31543622344515154	0.8735446542810876	0.3570426086564649	0.6644014493675575	0.3395903616039023	0.4898225257607548	0.9691875941911716	1.0569572722570257	1.1012442229403527	0.780259946854288	1.0686837712152935	0.3350608969055052	1.036875952164692	0.5503264038481671	0.5416026603327084	0.36184515363363723	1.260243348775709	0.4953973601549522	1.088803620487891	0.6005192982304945	0.9306023355344042	1.3489235504443007	0.9393021512690134	1.0979040723722344	0.5960412489421647	1.1070628157596687
Z29-C	0.33623749184458335	0.9680259976560172	0.8275009756785584	1.2455625905224448	0.7871434241026579	0.3091509548746989	0.31567079857507707	0.4351161572270408	1.031040782050627	0.8327726462380495	1.0502834722151162	1.1896206157197327	1.1532885513425881	1.314866862294858	0.621623336287609	0.7239136374173187	1.1817471975197962	0.8704619518187948	0.5885846348254823	1.0791917189631166	0.7967875139190151	0.9894576952828759	1.38686025956123	1.2775947963496954	0.2625841749375586	0.0	0.7378173736700094	0.22570650039928988	0.28516381530511714	0.850295737171791	0.4827368717131428	1.0613525093795784	0.26324527038988416	1.139523936370522	0.9459566478184106	0.2676164983541429	0.42359498986686017	0.3070427524011935	0.7578034406362465	0.46096830835603597	0.3460049440774669	0.48486768401431596	0.36740164730140407	0.8453568270253322	0.31786785459621636	0.6306707069191919	0.37639774310254137	0.4564602788212096	0.9948148970393833	1.0681161434170532	1.123133666774626	0.7725193905468644	1.0994702790367124	0.3268225512865675	1.0127479919561766	0.520632243990981	0.5373463468162726	0.306721840224009	1.2783105163766586	0.49584975288284006	1.1120254728680627	0.6202474069322004	0.9560419011583324	1.3698022438107433	0.9748801596352137	1.1150758120243183	0.598388588921409	1.134775951135379
Z29-N	0.7315132154829949	0.35090313267937673	0.19972171104694728	0.6637897464193259	0.2843043943052994	0.722407289927677	0.6881780770818156	0.47667594572694205	0.4757477523533573	0.256148305635922	0.4944120148510422	0.6184047498354025	0.5701641893869651	0.7272070636281464	0.4078822592911049	0.15269266972275902	0.5788637065384751	0.2736951744140228	0.31794076386517345	0.4871409575670676	0.22648039445573712	0.38854137872504213	0.7955136327649313	0.6921649205266689	0.7099254399980724	0.7378173736700094	0.0	0.6949261081598093	0.6147344157335949	0.2974031677942951	0.37061797733508317	0.46961077926626743	0.7083102926657331	0.5527671599140369	0.3807191705034375	0.7109944423548138	0.6770793293705872	0.7489114194454327	0.16207908633080584	0.5120811649920886	0.5400382891698454	0.5233270905400177	0.5503845164370048	0.2684013019593058	0.7416775643980085	0.31611863833637455	0.7329387491197918	0.5790519285150721	0.3766844015618471	0.48723294812852114	0.5205816549962513	0.19040444913075688	0.4868686182677961	0.647380323895956	0.45010828298544703	0.45453742144313763	0.40442180513835496	0.7499922412693278	0.6909107320382921	0.3190099717434906	0.5117602809273347	0.3073184168537042	0.3527271161996758	0.7802687485009964	0.3562320297995943	0.5044582851787699	0.24966306432573773	0.5314985057628248
Z29-R	0.25472719361586377	0.9203202046944537	0.7252710056906412	1.2410909246248436	0.8055365024484159	0.27616703119867153	0.2908946589493864	0.41340746454845473	1.0404845192392378	0.8126006414583754	1.0577489470537234	1.1810421218367226	1.155040671328763	1.3143793490284719	0.6360437554940551	0.6433444247463606	1.1649965340924164	0.8267938748779787	0.533271419379641	1.0343449137833383	0.7958054256160404	0.9460717662279865	1.3825830896505447	1.279784232093999	0.290249378041737	0.22570650039928988	0.6949261081598093	0.0	0.3007450101589107	0.8645169174712654	0.4366574551475631	1.040230359872838	0.2296970358063835	1.1300139289419593	0.9249754153260727	0.22908453015025224	0.32964847834062394	0.2630573608122545	0.7121396761234777	0.44549085797228405	0.24664325266171744	0.42998603628643806	0.2909655246480505	0.8498722465792506	0.2893913936816197	0.6323103188831801	0.2936139912941108	0.46445019124160636	0.9597855278530318	1.0373769362887504	1.0788450003150418	0.7674858041997842	1.0492772900131329	0.29003052827559567	1.0165618403202443	0.5215538074523669	0.4709647279387745	0.3184274101026393	1.277679446231522	0.4277962929204328	1.1013719817035104	0.567716696848381	0.909556294100061	1.3705286512124688	0.9406245664014122	1.1108437786649188	0.5358364531714488	1.10254009428839
Z32-A	0.39108671869310285	0.8472471273065726	0.7165975497783948	1.1443204898380974	0.7284013209193643	0.33398542192862896	0.3008797959872564	0.27581701960956445	0.9494264511884152	0.7324353633209574	0.966780268535839	1.096212683636554	1.055899563252179	1.2227312819417606	0.5400919461625545	0.5835916073767575	1.0940798959255753	0.7701112288307388	0.48742493178244584	0.9836113402462102	0.7071446007416066	0.9006904870908452	1.2979128163412317	1.1851830424858756	0.32433206775401097	0.28516381530511714	0.6147344157335949	0.3007450101589107	0.0	0.7601858643649645	0.3875497924547849	0.9627087879339997	0.3335923678613374	1.0413739047877286	0.8091771776722925	0.33060526542710034	0.3343896058785556	0.3749543414650605	0.6299928306304929	0.37766516059737615	0.24289522533820115	0.3967476352375785	0.21349674470908528	0.7378113320699151	0.4095177498589138	0.5319371803796528	0.402597817448257	0.3827875269559367	0.843333267998514	0.9625337440092755	0.994935240413363	0.6717510647703862	0.996465629504296	0.3065362286603615	0.9264787401406487	0.41912179035921004	0.4500195730094171	0.3903786891799226	1.1851648320272548	0.4047361261707844	1.0105231690005334	0.4962648313529394	0.8545864478420552	1.2819537285772558	0.8603148053186892	1.0053395376168657	0.4640847552340371	1.0339880116578388
Z32-C	0.857871932223074	0.3429160804493856	0.26173586169900537	0.6145706373898923	0.24153880288620377	0.908163186538432	0.8692157913596466	0.6343008216877477	0.4155271530721726	0.16982834220456353	0.38257957436074097	0.6192486440520205	0.54942760194433	0.6202117689222141	0.45153274011193634	0.3298500343246612	0.5810202419290109	0.27393531761462503	0.39414217353472997	0.4721663795775533	0.18650895399322814	0.3999783555980817	0.7861978748009639	0.6360060437053389	0.8705652245113288	0.850295737171791	0.2974031677942951	0.8645169174712654	0.7601858643649645	0.0	0.5135080056395265	0.45178504935960395	0.8780697025856082	0.5371864126561776	0.3939396195259953	0.887077094160419	0.8145564957688317	0.9184641790369223	0.2611812264043023	0.5424072035375036	0.6930300611821312	0.6563327166341645	0.7601932752735413	0.24497035598923933	0.7711368984864787	0.30081915339435106	0.8746564235419558	0.5809668669928727	0.4160574923448293	0.4667477360757402	0.5357365692915099	0.19606825028303965	0.5057326251460346	0.7021436543567657	0.3729372592457471	0.4688076939914396	0.5516381402723565	0.7619268817247893	0.6801979066656288	0.5153047125296133	0.5153596721341525	0.4415146535927936	0.4000280765800487	0.7189093240659818	0.3917499072759633	0.517322664051316	0.3875793168542344	0.5187467013998065
Z32-N	0.5018072510642392	0.60077520045911	0.43437754364396974	0.9018264673111799	0.4861106694465544	0.5315773454088096	0.4943644688407031	0.28018836362488514	0.7008926082005802	0.46165193266892807	0.7170870831599296	0.8408769099826722	0.7959147126626718	0.9736433332846088	0.2742051798173975	0.3352083128616481	0.8328295758299055	0.5191624219432486	0.23697473072445466	0.7331772473002186	0.43601562600236393	0.6451138670922713	1.0460694309007394	0.9389023141663758	0.5085313462470625	0.4827368717131428	0.37061797733508317	0.4366574551475631	0.3875497924547849	0.5135080056395265	0.0	0.7092464735853778	0.4912143660750973	0.7871884424551033	0.5999575510065283	0.4859092558606972	0.481742518595622	0.5365820727578465	0.38651226393269955	0.290703018845326	0.3076198759624893	0.3564563918887296	0.363818494177347	0.5042929672930568	0.5407829402195511	0.28642560342624673	0.5411817856376343	0.36589568019659385	0.6248692610488522	0.722461087686432	0.751152051557414	0.3992604592801318	0.748540202726408	0.4151180349147026	0.6766499723142944	0.22801750220651565	0.21471654295820994	0.5268807786766783	0.9399455102647007	0.12789580586903454	0.7484877313275373	0.2268923575844662	0.5843863584722975	1.0303666780759893	0.6044568160694561	0.764571657210464	0.2049537288930222	0.7917526485405673
Z32-R	1.0719686014613765	0.24147998012923405	0.3827346327881352	0.3674262420468799	0.3281142764923062	1.0933130040995904	1.0576085497880068	0.8155410129006576	0.1989376700358396	0.3559305293134012	0.21121315176851332	0.3240567108893746	0.27132665003924306	0.4267790543261696	0.7070396243745609	0.5123888244729161	0.29073615950649107	0.27419975539950864	0.6485195313811642	0.19928329575923212	0.3798257981064993	0.1939676877204943	0.500372962731716	0.397735214387758	1.035130672524366	1.0613525093795784	0.46961077926626743	1.040230359872838	0.9627087879339997	0.45178504935960395	0.7092464735853778	0.0	1.0544152777648195	0.29015461917229757	0.2139389083013963	1.0590146707217436	1.0014685602197548	1.0986369605126631	0.41787318453230576	0.8289106415543014	0.8918944006273161	0.8387072865880687	0.9168504523979564	0.30148090649455356	1.0553567186499893	0.6205309325710271	1.0476174630638375	0.8787668837705892	0.2394792466472909	0.19382453317343962	0.2787562773356099	0.41762639902614107	0.22767824004516438	0.9831545544015861	0.18356722835550468	0.7765253000361191	0.7286966759213712	1.0603936868365427	0.40163221872526755	0.6722247194421548	0.2384600024430678	0.6277965615808514	0.1999421409913023	0.49016151973544514	0.17993455019819943	0.24304199002728036	0.6254370143242731	0.23693245826149037
Z36-A	0.32816612251252525	0.9614064403239462	0.7584053458251047	1.2252240864801927	0.8634399715089157	0.1083914213342522	0.1540839896958031	0.37927919822709766	1.0610589151857555	0.8270904399493164	1.0732309943893903	1.19139420159319	1.1336008629464183	1.2955819754281388	0.6370500599557684	0.6498808828322701	1.161169170403822	0.879078947991813	0.6274155951907149	1.0747006959902126	0.814919875592771	0.9729445224887101	1.3647997415725621	1.25675244483384	0.27638405005185324	0.26324527038988416	0.7083102926657331	0.2296970358063835	0.3335923678613374	0.8780697025856082	0.4912143660750973	1.0544152777648195	0.0	1.1111931926418523	0.9457208097909815	0.14263889926083279	0.38631794832689925	0.050672555724483676	0.7517387923589115	0.5093766498279224	0.3011919687323594	0.46568538655465697	0.3035290631660365	0.8647270633277998	0.3387379402313048	0.6663537797297152	0.36671606031886583	0.49242748409292597	0.9157452280263473	1.0751827396193594	1.048566923812861	0.7798378458288675	1.0785150434903992	0.34477326805043373	1.0302296097190315	0.5423214179317424	0.5648515385694672	0.36023711061343866	1.2604138813649222	0.4826930010663128	1.0940950429189187	0.6147512401622814	0.9366820785352994	1.3427878798441746	0.9410933557373867	1.0877105183098466	0.5860328611604576	1.1209969709465153
Z36-C	1.1643594207524774	0.32434652863763225	0.4476170858123346	0.1596657487879483	0.3900268086015715	1.1320973411580024	1.0913615277061501	0.9082898498763887	0.1666382926843172	0.4382652996575385	0.2008826620876629	0.13039552996823287	0.09711265469043474	0.23443478456881103	0.8125972534066674	0.5674157726478739	0.12479432383413587	0.385150880353574	0.7261228175867438	0.2280348088454084	0.46308490210088715	0.28080371165261314	0.32015466034523	0.197959175635782	1.121355812551207	1.139523936370522	0.5527671599140369	1.1300139289419593	1.0413739047877286	0.5371864126561776	0.7871884424551033	0.29015461917229757	1.1111931926418523	0.0	0.26488631633073306	1.1047990422804315	1.0605332985261995	1.1374786018383878	0.49851251266634666	0.9281075098636176	0.9835649591134135	0.9138291478054179	0.9843961151442353	0.3835491632576699	1.173630482185071	0.7193515656573806	1.1530515068587686	0.9817595658488601	0.2789927525242344	0.1572151952874933	0.17056848061119537	0.5051276950210636	0.16278114083869122	1.0756608040673663	0.20422453946312746	0.8479916078892202	0.8247494914655509	1.1484935254135524	0.2071062193299842	0.7386669836492168	0.09536428468614523	0.736046374790992	0.2571566521041522	0.27603653027152397	0.25137600554075634	0.1435294267525807	0.7241272193265054	0.10504016119251736
Z36-N	0.9832154414650728	0.16222456610469657	0.2775111126866231	0.3771849190531482	0.21862451264751365	0.9771560477781027	0.9364419720972821	0.7311490230726698	0.22931397854601163	0.2804727111054982	0.2494829666321866	0.3167953083044117	0.30829834525079314	0.45843199290398057	0.6511031832676928	0.40878297213993253	0.3180001314771291	0.21566119727997307	0.557906079495085	0.22977452154248093	0.30697144125406545	0.12383902588023413	0.5265221107923228	0.42060609933160065	0.9379053218482682	0.9459566478184106	0.3807191705034375	0.9249754153260727	0.8091771776722925	0.3939396195259953	0.5999575510065283	0.2139389083013963	0.9457208097909815	0.26488631633073306	0.0	0.9387254300352903	0.8864800295392091	0.9826528409660187	0.300799430897567	0.7489431346891777	0.8034326335301041	0.7544788839050814	0.8088420052642222	0.22469888394807352	0.9914568838222869	0.540176605187837	0.9714815129591523	0.8116957734055139	0.14184232583663395	0.22243893878682425	0.2523751646059625	0.33588009528680085	0.22340572847067613	0.893645961236069	0.20896809385320742	0.6805860667855964	0.6502938564635198	0.9781897149458311	0.4120630506543261	0.5452548283574542	0.2456946307961665	0.5525850983549452	0.08964996376278284	0.5084489217012862	0.10024757769489252	0.2561977619137389	0.5433726104963109	0.26240759829528687
Z36-R	0.3188369819619764	0.9542334572454315	0.7483520491315173	1.2206788442060799	0.8641858202558284	0.16551885752384035	0.19187572458004465	0.3786310865913723	1.065074558168693	0.8412995741183643	1.0891706722376242	1.1807959995791735	1.13084753792118	1.2956550425048006	0.6424949994548664	0.6370308647983498	1.163688268030162	0.8733525220513753	0.6203731172592793	1.0690464427781114	0.7962251355100027	0.960323061552266	1.3590612996477873	1.25862168392087	0.2806333518781129	0.2676164983541429	0.7109944423548138	0.22908453015025224	0.33060526542710034	0.887077094160419	0.4859092558606972	1.0590146707217436	0.14263889926083279	1.1047990422804315	0.9387254300352903	0.0	0.3668971276189108	0.16978755312992339	0.7393867329955691	0.5021029013999441	0.30938389322034837	0.4653514591183648	0.30000248241776767	0.872494135338703	0.35342562425755686	0.6699652591923757	0.3586146432464159	0.49704118221833876	0.9160340804159622	1.0771422890362223	1.0511969012406475	0.7779591240366662	1.06621147994964	0.3465433789162388	1.044842369663199	0.5372896230033279	0.5580698691256185	0.36010543952467455	1.2516400382826607	0.4738903135809504	1.0722794998230045	0.6131491058848405	0.9239523567949721	1.343596314113693	0.9267813668189167	1.0801969399365108	0.5861618330973087	1.1163745503640108
Z39-A	0.32925004498497185	0.8786317212099034	0.6955567743263662	1.145941131023818	0.8161366825313507	0.4102894099665363	0.3698509138235542	0.38918181222421017	1.0358564056504926	0.8157263853187354	1.05338282600344	1.138731785604784	1.104928767314048	1.251429101281372	0.6138550896484783	0.5895010167327732	1.1178939862620159	0.818575586046876	0.5116423209822422	0.9954570963120691	0.7884167612737312	0.8782096824907645	1.324819693595308	1.2113972824844328	0.3833219272137751	0.42359498986686017	0.6770793293705872	0.32964847834062394	0.3343896058785556	0.8145564957688317	0.481742518595622	1.0014685602197548	0.38631794832689925	1.0605332985261995	0.8864800295392091	0.3668971276189108	0.0	0.41466568997615477	0.687138178576349	0.46696260068241296	0.2771971266059041	0.3184823573606435	0.3041307191667656	0.8447780759650787	0.4367983755526537	0.6105177528022526	0.2762600976230037	0.4615883623834952	0.9273504510216762	1.017023074136129	1.020643813546161	0.7456790422064913	0.9874079150077393	0.32758197321418936	1.013931350127648	0.517111295016885	0.4279311638849881	0.4439579215373778	1.2196308081743317	0.466381243410259	1.0371058988701718	0.5183160246897902	0.8779677897058296	1.3008155299147346	0.888378384436803	1.0457694357957739	0.5543268345867081	1.0388846411985193
Z39-N	0.36332532927636135	1.000181237543888	0.7852674577561165	1.250138691229508	0.9093380419559214	0.0836621107855848	0.16341363218506755	0.4225478440865033	1.1032344654275639	0.8636619714938639	1.109739850760215	1.2135979196436641	1.1673390381109423	1.3307605141055074	0.6729200287220939	0.6720041811382587	1.1999097614264214	0.9236287264644583	0.6723401311313225	1.1094532537781554	0.8541810800936899	1.003531907671597	1.3813185284223222	1.291617083013748	0.31892503663505123	0.3070427524011935	0.7489114194454327	0.2630573608122545	0.3749543414650605	0.9184641790369223	0.5365820727578465	1.0986369605126631	0.050672555724483676	1.1374786018383878	0.9826528409660187	0.16978755312992339	0.41466568997615477	0.0	0.793573401380312	0.5488272779926725	0.34645190390908565	0.5047240587270803	0.34726870420791267	0.9093682069966861	0.3784168290330022	0.7101302325597346	0.4071631205346936	0.5387907826857276	0.9294596633606351	1.119135845778602	1.0620940910550962	0.8203219407039172	1.1027942878855745	0.3907192527364883	1.0702294170154578	0.5878720831360108	0.6108052361554774	0.4064488820396082	1.2797495855711178	0.5268383688742682	1.1202753240184453	0.6560308676396549	0.9581945577305377	1.3679907848363106	0.9795226215751369	1.1152615942706987	0.6242957675472814	1.1615611460444328
Z39-R	0.7653064169612663	0.28384178236524515	0.15780179042321335	0.6099328539019756	0.2290967545376549	0.7755720253954017	0.7393511783654244	0.5027411804877312	0.44140563083888307	0.23174241507807086	0.46784724853396825	0.5472329376301234	0.5157988919935503	0.6841304402360984	0.45995543580001247	0.19201383516420853	0.5362695404739057	0.2210394047385989	0.3477296257074781	0.43336199950041404	0.1935907766123374	0.3396676394712508	0.7552888329597938	0.6480410010717884	0.7317671878058192	0.7578034406362465	0.16207908633080584	0.7121396761234777	0.6299928306304929	0.2611812264043023	0.38651226393269955	0.41787318453230576	0.7517387923589115	0.49851251266634666	0.300799430897567	0.7393867329955691	0.687138178576349	0.793573401380312	0.0	0.5390546352376737	0.5867123841980292	0.5540705094479651	0.5691938389063087	0.24074562970957591	0.7894275483923084	0.3546050671381251	0.7446935047706391	0.6258158504125109	0.35014297955070006	0.43408576733672777	0.48296748428871283	0.15303171972063373	0.4379319698305288	0.6907856168859968	0.4261002802624948	0.49125814982556176	0.41939366337682576	0.7861717974641631	0.6388707925803414	0.33438150866462585	0.45175049391542954	0.34205874766374617	0.2895182629963341	0.7423486033687853	0.3052546513429375	0.460585773468005	0.3067113467961515	0.4734452866845701
Z4-A	0.4891898361283589	0.7333948328576025	0.6080493696221579	1.0279304727290834	0.626128703466659	0.5380499161352923	0.5130133367441991	0.2644033441756196	0.8076748524933123	0.5634189641597097	0.7895660462984944	0.9740006277041718	0.9384600127335759	1.1037256931981576	0.32752389340988775	0.5074890833143074	0.9550388022662109	0.6286324020537551	0.32683873305088584	0.8026066583352549	0.55366339590521	0.7686782226779776	1.176759194441282	1.0689465191635243	0.4899682755419204	0.46096830835603597	0.5120811649920886	0.44549085797228405	0.37766516059737615	0.5424072035375036	0.290703018845326	0.8289106415543014	0.5093766498279224	0.9281075098636176	0.7489431346891777	0.5021029013999441	0.46696260068241296	0.5488272779926725	0.5390546352376737	0.0	0.2955395541946725	0.30165174619834184	0.35462456453264457	0.6250007100026709	0.36797352216961854	0.2967789915084112	0.5004757324993037	0.19155900061307637	0.801833509396815	0.837973572164643	0.9246335361497521	0.5256439886143429	0.8684395343174173	0.2729443810452901	0.766572726574435	0.18646028641206275	0.30970527691365757	0.341582305298481	1.0587605255510033	0.3260479960906786	0.882317610436085	0.38624452943926746	0.7372385215908868	1.1615875635368909	0.7469719590133225	0.8987743412937459	0.32624242165180506	0.9001718086294809
Z4-C	0.33116253844984217	0.7842857641974953	0.5724327458929019	1.0936593626207025	0.6937087330732357	0.34105622952903475	0.3214259124480435	0.26192977307611726	0.8721127620129805	0.6452221288400458	0.8902044968037575	1.0464644521645292	0.9997111532339075	1.1627749008145558	0.46709839603734726	0.48805579866990784	1.011436596182318	0.6718114309593181	0.358024605966716	0.8955673559046411	0.6421973247375103	0.789778947898462	1.2284842566866219	1.1277459394005152	0.35310884223914535	0.3460049440774669	0.5400382891698454	0.24664325266171744	0.24289522533820115	0.6930300611821312	0.3076198759624893	0.8918944006273161	0.3011919687323594	0.9835649591134135	0.8034326335301041	0.30938389322034837	0.2771971266059041	0.34645190390908565	0.5867123841980292	0.2955395541946725	0.0	0.2514138840540892	0.18565992563529657	0.6787075815849846	0.3638049405370729	0.4752124465031765	0.33044258177295216	0.29421062670967424	0.7957244572626515	0.8942856259851916	0.9232167623175251	0.6044696856617713	0.9021225333766848	0.2619768311315132	0.8431061014524237	0.3548681281050925	0.3184320059240998	0.3716054956600004	1.1232306276607282	0.3264506001346618	0.9501272114743768	0.4217549086272988	0.774135295170895	1.2143151392511917	0.7919129526158151	0.9569981600983513	0.36870454774252476	0.9600572239965744
Z4-N	0.47571084648258727	0.7166526349294412	0.5611186829704982	1.009474767164011	0.6515500216185232	0.4959250657363366	0.45925636445145496	0.2593753186844226	0.857330337729888	0.6653247891910573	0.8785437602467816	0.9834580837756217	0.9390581698027198	1.0705706233344854	0.43915097646544016	0.479166680933309	0.9423816785176421	0.6456315482027076	0.33817566128967275	0.8262611850922361	0.6223727468774368	0.7201138065628584	1.1560467805430263	1.0318016956200444	0.45761644351327047	0.48486768401431596	0.5233270905400177	0.42998603628643806	0.3967476352375785	0.6563327166341645	0.3564563918887296	0.8387072865880687	0.46568538655465697	0.9138291478054179	0.7544788839050814	0.4653514591183648	0.3184823573606435	0.5047240587270803	0.5540705094479651	0.30165174619834184	0.2514138840540892	0.0	0.31953199820493877	0.6887844372494858	0.4905788002323472	0.47501553138777886	0.348987740672701	0.3233149193186884	0.7944887529398451	0.85588926514708	0.9139320023668894	0.596072667775393	0.8307311627857036	0.4164749206472244	0.8396996470760806	0.36472577210866414	0.2862725643378014	0.5021409886064437	1.054013265052202	0.33465116923467525	0.8866528573834677	0.4153548486828488	0.7405725480108535	1.120186021064828	0.7452523530927857	0.8891454987166683	0.41353969071863106	0.8748003454993549
Z4-R	0.3775611805530175	0.7936361528706034	0.6166963097092865	1.1028572722999994	0.7276594290919244	0.2986674257688322	0.262810898921426	0.20789654459528228	0.9362618794129376	0.7146990730994365	0.9584474523408322	1.0528247600347866	1.0084058632051318	1.179021067554969	0.5217865757887183	0.49765837598764545	1.0258881216547378	0.7040622197414877	0.46483658452864174	0.9300257474058168	0.6739922250440845	0.8285986162603929	1.2452975217072193	1.1426776837439627	0.31543622344515154	0.36740164730140407	0.5503845164370048	0.2909655246480505	0.21349674470908528	0.7601932752735413	0.363818494177347	0.9168504523979564	0.3035290631660365	0.9843961151442353	0.8088420052642222	0.30000248241776767	0.3041307191667656	0.34726870420791267	0.5691938389063087	0.35462456453264457	0.18565992563529657	0.31953199820493877	0.0	0.7266811845673322	0.42140097418576977	0.5438753361180838	0.38278945196376146	0.36896933627804646	0.7693812739353865	0.9345334039265786	0.9509053524727384	0.6448479058043232	0.9283153368881847	0.3104778450764575	0.9141511364337419	0.41852540981286135	0.39238412156734603	0.4137104781384871	1.1283841994731774	0.3344707915834025	0.945237836037234	0.4557971483825979	0.7742857334720952	1.2309668587011737	0.7909369339211856	0.9484879545091477	0.42548369173243566	0.9687531821922037
Z40-A	0.8817820412004674	0.1932683994482979	0.21575089282635637	0.4852460674461879	0.1387967294591862	0.8837497633124225	0.8476768054552407	0.6260596513429215	0.26437932509366413	0.12978619183277504	0.2788561364470302	0.45211445817856244	0.3890769195513357	0.558414989367938	0.5223905173833486	0.33581765417119436	0.4291885362092323	0.10213186307625331	0.43792559614842963	0.3302744960625474	0.16987598935473147	0.22437157895401105	0.6299495074486405	0.5117909325086035	0.8735446542810876	0.8453568270253322	0.2684013019593058	0.8498722465792506	0.7378113320699151	0.24497035598923933	0.5042929672930568	0.30148090649455356	0.8647270633277998	0.3835491632576699	0.22469888394807352	0.872494135338703	0.8447780759650787	0.9093682069966861	0.24074562970957591	0.6250007100026709	0.6787075815849846	0.6887844372494858	0.7266811845673322	0.0	0.8624902538142276	0.4116553377284407	0.887088151911152	0.6767507004154295	0.22579859471293665	0.31135154534016285	0.3619389761682921	0.21130448731776755	0.33813355906764303	0.7720512246862427	0.24146235862792173	0.5476321355249377	0.5632152801283408	0.8399842984716743	0.5234217577856177	0.49691533285881534	0.3465716039321156	0.45433347495659687	0.21467252081144822	0.6123777103603232	0.20991310179254777	0.3341341781431071	0.39681777579893984	0.376238796917995
Z40-C	0.3143741236408419	0.9661079340789634	0.833662257651336	1.2581121774393909	0.8846115754449646	0.3902554124730981	0.39459980125662864	0.4880677392059998	1.029723923702882	0.7800187781333165	1.0063037034321043	1.2210432805066749	1.165066600499398	1.3232792609363941	0.4783312802176387	0.748889905716372	1.1777287093300777	0.8623345835417695	0.5741582159258368	1.0708105646655273	0.7945864605468572	0.9908238858929779	1.3973319964692188	1.2874645452591882	0.3570426086564649	0.31786785459621636	0.7416775643980085	0.2893913936816197	0.4095177498589138	0.7711368984864787	0.5407829402195511	1.0553567186499893	0.3387379402313048	1.173630482185071	0.9914568838222869	0.35342562425755686	0.4367983755526537	0.3784168290330022	0.7894275483923084	0.36797352216961854	0.3638049405370729	0.4905788002323472	0.42140097418576977	0.8624902538142276	0.0	0.5211366185514134	0.3793912606781022	0.2283428154666715	1.0358094360617933	1.0573517504810115	1.1463675917864533	0.7579153286346018	1.0938013647685503	0.18152877400709713	0.9927834563236542	0.3696963359024352	0.5666318113538039	0.1166007180200463	1.2934495296004787	0.5827128338038675	1.129574130136	0.6176246156805344	0.9850676631356133	1.3822568949444567	0.9822919013207064	1.1305380536092107	0.5598935915289908	1.1275776485750042
Z40-N	0.63959533689996	0.5364617270578996	0.414538440116618	0.7886521402242275	0.42853490332890215	0.7050862508804283	0.6692363475892523	0.43354336005860283	0.5862977398108046	0.33619575904216126	0.5548967288911489	0.7743215036247567	0.7186545748650053	0.8791090730553871	0.22371123795910458	0.31107870212132865	0.7487769389839779	0.44149662055238975	0.20696213956963172	0.6450312354386224	0.34971271275242494	0.5620333870892458	0.9552705077357234	0.8411847594996286	0.6644014493675575	0.6306707069191919	0.31611863833637455	0.6323103188831801	0.5319371803796528	0.30081915339435106	0.28642560342624673	0.6205309325710271	0.6663537797297152	0.7193515656573806	0.540176605187837	0.6699652591923757	0.6105177528022526	0.7101302325597346	0.3546050671381251	0.2967789915084112	0.4752124465031765	0.47501553138777886	0.5438753361180838	0.4116553377284407	0.5211366185514134	0.0	0.6627998136560912	0.3402682183254467	0.5904194147035072	0.6191736797334424	0.6981552021625667	0.3147446633673587	0.6699159119588795	0.44377451696265247	0.5431829965460283	0.22138665879691166	0.32923554764400276	0.5192442128917841	0.846452429045418	0.2932492311769534	0.6854554087853802	0.22583876910153863	0.5595953922297484	0.9363299550860896	0.552066373491922	0.6828202544068169	0.18004090463159086	0.6960133102489986
Z40-R	0.2867408756864754	0.9258320506332933	0.7698118206684346	1.2322416194433643	0.882343318152819	0.3986748560799581	0.38191888176879957	0.4481526562984856	1.0763065908439018	0.8640654182627827	1.0996465343849056	1.214300727854998	1.1549873568408702	1.3144250616392006	0.6580859961560633	0.6960781196872697	1.1763586367850496	0.8510579717383715	0.5542405754651605	1.0427033060802973	0.8283417456580123	0.9487427298313932	1.3950036957910232	1.2858084111494947	0.3395903616039023	0.37639774310254137	0.7329387491197918	0.2936139912941108	0.402597817448257	0.8746564235419558	0.5411817856376343	1.0476174630638375	0.36671606031886583	1.1530515068587686	0.9714815129591523	0.3586146432464159	0.2762600976230037	0.4071631205346936	0.7446935047706391	0.5004757324993037	0.33044258177295216	0.348987740672701	0.38278945196376146	0.887088151911152	0.3793912606781022	0.6627998136560912	0.0	0.5160002316156889	1.0161634505749766	1.0664094950006888	1.1349198586151479	0.7790456447917418	1.0601143294454154	0.3445644485390137	1.057100311092221	0.5676791581991958	0.44682704614929586	0.39178309150531043	1.2877017886629418	0.5422952926111305	1.1054290093362007	0.5656248454635467	0.9572044969676518	1.3816403494661007	0.9560769691919128	1.105057348282131	0.6074123525252872	1.1030501320613173
Z43-C	0.4935812697194525	0.8009058261041131	0.6771872725350717	1.0678547920737675	0.6826021409056662	0.5338779754627497	0.49283492298291565	0.31348691685504604	0.8491371775300948	0.6114809302889914	0.816501115898898	1.0295514777894965	0.9781639218837591	1.129608454711145	0.292640523170169	0.5793761401516514	1.0006430469375702	0.6993175442177857	0.401894573695109	0.9025502183346806	0.6192763195836886	0.8125644164536217	1.2035861445150704	1.0966701657752718	0.4898225257607548	0.4564602788212096	0.5790519285150721	0.46445019124160636	0.3827875269559367	0.5809668669928727	0.36589568019659385	0.8787668837705892	0.49242748409292597	0.9817595658488601	0.8116957734055139	0.49704118221833876	0.4615883623834952	0.5387907826857276	0.6258158504125109	0.19155900061307637	0.29421062670967424	0.3233149193186884	0.36896933627804646	0.6767507004154295	0.2283428154666715	0.3402682183254467	0.5160002316156889	0.0	0.8575591881699551	0.8884153594445561	0.9738044554278606	0.588392992008128	0.9312631978514706	0.25267586845761114	0.8029582161393944	0.1886252552267409	0.39357195898760683	0.21507561587113885	1.1045726075983786	0.4106396295412952	0.9492759498995378	0.46564242307592146	0.8209647722305906	1.1882144971772652	0.8220310999055886	0.9495795270376499	0.40164541042136104	0.9546072862741168
Z43-N	1.013856164361478	0.18803121469443534	0.28131140430442086	0.3893753950243827	0.2813016196105832	0.8806117594530551	0.8521784838075593	0.6927673132798091	0.2387374054239617	0.27947155648483984	0.25042930184633166	0.35522202551300985	0.3066734739615515	0.46975725548557956	0.6710563245861954	0.3724910377127071	0.3404190269745251	0.23714841047976998	0.6171919386133492	0.26455224599790655	0.3203436636200922	0.15957308000033138	0.5198370119916425	0.4298607171844939	0.9691875941911716	0.9948148970393833	0.3766844015618471	0.9597855278530318	0.843333267998514	0.4160574923448293	0.6248692610488522	0.2394792466472909	0.9157452280263473	0.2789927525242344	0.14184232583663395	0.9160340804159622	0.9273504510216762	0.9294596633606351	0.35014297955070006	0.801833509396815	0.7957244572626515	0.7944887529398451	0.7693812739353865	0.22579859471293665	1.0358094360617933	0.5904194147035072	1.0161634505749766	0.8575591881699551	0.0	0.25747991839156764	0.20793513231737107	0.3548553034966251	0.23654446090625791	0.941502628921061	0.21293874318222752	0.7225788537249235	0.7044798437833395	1.028605419600847	0.4031434814054319	0.5685226432922026	0.24900017274293024	0.5915753419386811	0.0999363672611505	0.494017220465369	0.11099198235987558	0.24013472167459432	0.5260662240894298	0.29826045485624697
Z43-R	1.0805027886946241	0.25328336779224336	0.3971675373064124	0.23276601005269573	0.33893945068487086	1.114270471442946	1.0781376798070925	0.8366064799199752	0.06385263581651139	0.3621740310588302	0.10664604702356949	0.1973033508269998	0.1514284694128942	0.30913333955038286	0.7330143980906856	0.5351073027802986	0.1602549140014854	0.2855574103688092	0.6488557328187423	0.13829008663178874	0.395165083523265	0.20964719150805258	0.37416467618723337	0.2692867809937568	1.0569572722570257	1.0681161434170532	0.48723294812852114	1.0373769362887504	0.9625337440092755	0.4667477360757402	0.722461087686432	0.19382453317343962	1.0751827396193594	0.1572151952874933	0.22243893878682425	1.0771422890362223	1.017023074136129	1.119135845778602	0.43408576733672777	0.837973572164643	0.8942856259851916	0.85588926514708	0.9345334039265786	0.31135154534016285	1.0573517504810115	0.6191736797334424	1.0664094950006888	0.8884153594445561	0.25747991839156764	0.0	0.1383919474697864	0.43396098809393646	0.0998299179937109	0.9811295484562236	0.1154990578832209	0.7762248507431506	0.7327667965605152	1.0697540047363152	0.26914167595461025	0.6839710703434319	0.10673686435672392	0.6482884431332063	0.21384106849975393	0.364452880391429	0.1929538160391352	0.1141678086241891	0.6295445084377407	0.10233956332777315
Z44-A	1.099358429449999	0.3214800534440308	0.4019035876104635	0.2738122005615292	0.402591324833189	1.055244132796653	1.0308891470629489	0.8682728605138782	0.139877016241838	0.4005870645381972	0.17026005308929726	0.24368868046148276	0.19498447385849993	0.3575963888530358	0.7874588691974024	0.5228247118376969	0.22991344751675447	0.36547083689014936	0.7406643385653389	0.2233472581304618	0.44155235756050926	0.266283242607636	0.4080527912707113	0.31569061238856605	1.1012442229403527	1.123133666774626	0.5205816549962513	1.0788450003150418	0.994935240413363	0.5357365692915099	0.751152051557414	0.2787562773356099	1.048566923812861	0.17056848061119537	0.2523751646059625	1.0511969012406475	1.020643813546161	1.0620940910550962	0.48296748428871283	0.9246335361497521	0.9232167623175251	0.9139320023668894	0.9509053524727384	0.3619389761682921	1.1463675917864533	0.6981552021625667	1.1349198586151479	0.9738044554278606	0.20793513231737107	0.1383919474697864	0.0	0.47637119041598264	0.1398465554442945	1.0515666897155933	0.18404620003055766	0.834631953498778	0.8262794115990917	1.1473751229966935	0.30696845337368117	0.7033429691312132	0.14641951872559136	0.7081946059138793	0.2313169172834949	0.39473737022783445	0.2160983615914342	0.14445109559665795	0.6746284615518421	0.1863388757079834
Z44-C	0.7576350432374325	0.30399610907800045	0.1877967868160046	0.6020234064533287	0.23172065519899887	0.8087029468374213	0.7729789888052374	0.5574243595960972	0.39925133635327964	0.15185290668196907	0.40305815834775777	0.5711410968531848	0.49410707259052467	0.6719434201517156	0.39913358998030013	0.25106492742674513	0.5413199992853596	0.22836847569390883	0.35666439152740886	0.4412066768298474	0.12487055078241499	0.35662675097702334	0.7473872601299063	0.6373179685917427	0.780259946854288	0.7725193905468644	0.19040444913075688	0.7674858041997842	0.6717510647703862	0.19606825028303965	0.3992604592801318	0.41762639902614107	0.7798378458288675	0.5051276950210636	0.33588009528680085	0.7779591240366662	0.7456790422064913	0.8203219407039172	0.15303171972063373	0.5256439886143429	0.6044696856617713	0.596072667775393	0.6448479058043232	0.21130448731776755	0.7579153286346018	0.3147446633673587	0.7790456447917418	0.588392992008128	0.3548553034966251	0.43396098809393646	0.47637119041598264	0.0	0.4510013001976449	0.6607602967632363	0.3721477504109927	0.46101084137945214	0.4753495171146843	0.7592903210278101	0.6324447684579564	0.40614436876722754	0.4638267402398956	0.3304815959777846	0.3279294307631626	0.7272197859483562	0.3219561145804024	0.45160788247420514	0.30281803428537674	0.4923839978589212
Z44-N	1.0839250007467933	0.2549907583378291	0.3714964697868663	0.2490688522021241	0.36734142097022776	1.0903422204556064	1.0492940203032097	0.8502863531259097	0.10874578431913212	0.4010996665021724	0.15420317782982354	0.21129072969356244	0.18411806053318033	0.3388040852417156	0.761439647230003	0.5016612577778784	0.19226241312151476	0.29593639230919117	0.6520368068773553	0.14790685690437447	0.416491710910397	0.19961854051674077	0.3929308173335484	0.2976684353331453	1.0686837712152935	1.0994702790367124	0.4868686182677961	1.0492772900131329	0.996465629504296	0.5057326251460346	0.748540202726408	0.22767824004516438	1.0785150434903992	0.16278114083869122	0.22340572847067613	1.06621147994964	0.9874079150077393	1.1027942878855745	0.4379319698305288	0.8684395343174173	0.9021225333766848	0.8307311627857036	0.9283153368881847	0.33813355906764303	1.0938013647685503	0.6699159119588795	1.0601143294454154	0.9312631978514706	0.23654446090625791	0.0998299179937109	0.1398465554442945	0.4510013001976449	0.0	1.0162287259489828	0.1612764803665809	0.8151366064904058	0.749633954120057	1.1058345716966531	0.2878029490233495	0.6795011449080736	0.1145861562858761	0.6653940888848896	0.18586094933685557	0.3808588629130115	0.18905801887599835	0.12070882020095765	0.6487463859482119	0.1344461231541287
Z45-A	0.31453652358464457	0.8840848001667221	0.7354776036361594	1.184956487933012	0.7910084207688219	0.3853178739816886	0.34919150401672167	0.39662012214896786	0.9627894716380885	0.696196777194157	0.9409608094235403	1.1413214601962192	1.0864132127481883	1.2582176953268895	0.46727117160319104	0.6488257128240321	1.1061866363350021	0.7835051585587266	0.479595170354966	0.9995983221281052	0.7139133830791755	0.9132372574329463	1.3299575986856316	1.220472048736919	0.3350608969055052	0.3268225512865675	0.647380323895956	0.29003052827559567	0.3065362286603615	0.7021436543567657	0.4151180349147026	0.9831545544015861	0.34477326805043373	1.0756608040673663	0.893645961236069	0.3465433789162388	0.32758197321418936	0.3907192527364883	0.6907856168859968	0.2729443810452901	0.2619768311315132	0.4164749206472244	0.3104778450764575	0.7720512246862427	0.18152877400709713	0.44377451696265247	0.3445644485390137	0.25267586845761114	0.941502628921061	0.9811295484562236	1.0515666897155933	0.6607602967632363	1.0162287259489828	0.0	0.9195435748458954	0.3046457145743794	0.46105178526370577	0.19782266832545273	1.2210070877682	0.4715537935221214	1.048262412725542	0.4962166061983913	0.8814224640357663	1.3166104489286445	0.8843376504580825	1.0457047394436996	0.4603854625696446	1.0568037349291464
Z45-C	1.0416334673126562	0.24975153546914022	0.378884263539081	0.2923540649623151	0.3062957647140446	1.0658051211850021	1.0308382742290438	0.8152636816976757	0.06777888380026142	0.2726824816721152	0.05535782582381306	0.2670231211782111	0.20121405073137424	0.35847335463648433	0.6568584033380901	0.5155043594299737	0.22902017221933196	0.2596169170930567	0.5930989826536407	0.13590452240762046	0.3232026850348613	0.19742755310114019	0.4308975607369811	0.3221494247513175	1.036875952164692	1.0127479919561766	0.45010828298544703	1.0165618403202443	0.9264787401406487	0.3729372592457471	0.6766499723142944	0.18356722835550468	1.0302296097190315	0.20422453946312746	0.20896809385320742	1.044842369663199	1.013931350127648	1.0702294170154578	0.4261002802624948	0.766572726574435	0.8431061014524237	0.8396996470760806	0.9141511364337419	0.24146235862792173	0.9927834563236542	0.5431829965460283	1.057100311092221	0.8029582161393944	0.21293874318222752	0.1154990578832209	0.18404620003055766	0.3721477504109927	0.1612764803665809	0.9195435748458954	0.0	0.6892364389724105	0.7217184114165183	0.9816822673439016	0.3288192803794353	0.6716733249717186	0.1723238781155086	0.6244704970301456	0.20327972303569103	0.41213446662927206	0.18254457101630878	0.16691423852760842	0.5625875312247951	0.18714841079032113
Z45-N	0.5302508333315351	0.6862568310630855	0.5469359652935449	0.9568554600153085	0.5755133357627088	0.5822150335565163	0.5461977766020375	0.3152798059669195	0.7369687469819223	0.4788308561386165	0.7067496568905327	0.9190201332770891	0.8591784292779876	1.0334059808482463	0.22921211022960084	0.4610195932944807	0.900451035461158	0.5738757766468202	0.2779480941445182	0.8039899142531597	0.47956429365661146	0.7141670666410518	1.105590168563637	0.9922819261375531	0.5503264038481671	0.520632243990981	0.45453742144313763	0.5215538074523669	0.41912179035921004	0.4688076939914396	0.22801750220651565	0.7765253000361191	0.5423214179317424	0.8479916078892202	0.6805860667855964	0.5372896230033279	0.517111295016885	0.5878720831360108	0.49125814982556176	0.18646028641206275	0.3548681281050925	0.36472577210866414	0.41852540981286135	0.5476321355249377	0.3696963359024352	0.22138665879691166	0.5676791581991958	0.1886252552267409	0.7225788537249235	0.7762248507431506	0.834631953498778	0.46101084137945214	0.8151366064904058	0.3046457145743794	0.6892364389724105	0.0	0.27499259555664846	0.36314262668830116	0.9982958169833303	0.2853281022643573	0.815735123708298	0.33496701834859555	0.6917560243973555	1.0846822992431329	0.680630019279571	0.8337453527376241	0.2747057877286506	0.8577325089913567
Z45-R	0.50661195711545	0.6199347247220662	0.4615572072057057	0.9165979710464731	0.5229125127579242	0.6040253047043873	0.5676977517594518	0.31610253730284027	0.7442412700048238	0.541155147607929	0.7641269900295397	0.876941464482405	0.8408038348796494	1.0042119767353321	0.333127135543595	0.3870245908403501	0.8566694520846417	0.5187566089458028	0.21835574850932402	0.7346157978392603	0.5012984057068123	0.6266646577345335	1.0759505009373205	0.9703689844953172	0.5416026603327084	0.5373463468162726	0.40442180513835496	0.4709647279387745	0.4500195730094171	0.5516381402723565	0.21471654295820994	0.7286966759213712	0.5648515385694672	0.8247494914655509	0.6502938564635198	0.5580698691256185	0.4279311638849881	0.6108052361554774	0.41939366337682576	0.30970527691365757	0.3184320059240998	0.2862725643378014	0.39238412156734603	0.5632152801283408	0.5666318113538039	0.32923554764400276	0.44682704614929586	0.39357195898760683	0.7044798437833395	0.7327667965605152	0.8262794115990917	0.4753495171146843	0.749633954120057	0.46105178526370577	0.7217184114165183	0.27499259555664846	0.0	0.5384521830852032	0.9621703429179997	0.2078187315335925	0.7859523554936235	0.2691583632357815	0.6265469057690878	1.062679919994113	0.648266960349659	0.8012543738816115	0.2830588816693528	0.7883987089948915
Z46-C	0.35568641080143537	0.9749390733039375	0.8464008464104329	1.239547344984598	0.8365120367086157	0.3994632050008137	0.3862273726581022	0.47989038025977526	1.0292097879845903	0.7864932387178462	1.0000956278151858	1.1957141435937249	1.1523540689646947	1.3141812929517063	0.47619038740985853	0.7481749814697978	1.1837774552226816	0.8676909320438423	0.571131887283248	1.0861452501993485	0.7884434023813713	0.9860477925898465	1.3887794224428602	1.2715632389320686	0.36184515363363723	0.306721840224009	0.7499922412693278	0.3184274101026393	0.3903786891799226	0.7619268817247893	0.5268807786766783	1.0603936868365427	0.36023711061343866	1.1484935254135524	0.9781897149458311	0.36010543952467455	0.4439579215373778	0.4064488820396082	0.7861717974641631	0.341582305298481	0.3716054956600004	0.5021409886064437	0.4137104781384871	0.8399842984716743	0.1166007180200463	0.5192442128917841	0.39178309150531043	0.21507561587113885	1.028605419600847	1.0697540047363152	1.1473751229966935	0.7592903210278101	1.1058345716966531	0.19782266832545273	0.9816822673439016	0.36314262668830116	0.5384521830852032	0.0	1.2802752428903765	0.5661710740469318	1.1145576488312205	0.6271575380521668	0.979188195122122	1.3713033216951165	0.9903690188783835	1.1231618117727875	0.5750884936935668	1.133799061355769
Z46-N	1.304229995574362	0.4659196908231755	0.5876869837607598	0.10945807348202606	0.5492355537266566	1.2732513735069106	1.2393177157426334	1.0475544013235725	0.27733969241938566	0.5770999176452337	0.32118079584291315	0.1332595984572881	0.22402919988917688	0.13312954995808673	0.9276731943409677	0.7136439743167579	0.13694688239660133	0.5081413408398607	0.8843054044186417	0.35429865781161995	0.598844585255025	0.4005711699563442	0.1382066561881341	0.08437769701079652	1.260243348775709	1.2783105163766586	0.6909107320382921	1.277679446231522	1.1851648320272548	0.6801979066656288	0.9399455102647007	0.40163221872526755	1.2604138813649222	0.2071062193299842	0.4120630506543261	1.2516400382826607	1.2196308081743317	1.2797495855711178	0.6388707925803414	1.0587605255510033	1.1232306276607282	1.054013265052202	1.1283841994731774	0.5234217577856177	1.2934495296004787	0.846452429045418	1.2877017886629418	1.1045726075983786	0.4031434814054319	0.26914167595461025	0.30696845337368117	0.6324447684579564	0.2878029490233495	1.2210070877682	0.3288192803794353	0.9982958169833303	0.9621703429179997	1.2802752428903765	0.0	0.8884428673526468	0.21969377280681948	0.8708273797459284	0.39216126465278495	0.11896846964945221	0.3940855932748	0.2696707601112202	0.8587285763089323	0.22440683530320785
Z46-R	0.5444702631715805	0.5607512329237978	0.36416501723046635	0.8600206870905414	0.43941202923529665	0.5156763420821128	0.4800362262048273	0.28188009818977294	0.6931483660483153	0.4702674634836019	0.7166419622499992	0.7935867562137905	0.7681379941884705	0.9293779941921039	0.27548318377745934	0.2540062754227173	0.7787890807433766	0.47954078283766793	0.21181237116689558	0.6856731398179392	0.4379242184566135	0.5746799038713488	0.9978410607387277	0.8934000188667554	0.4953973601549522	0.49584975288284006	0.3190099717434906	0.4277962929204328	0.4047361261707844	0.5153047125296133	0.12789580586903454	0.6722247194421548	0.4826930010663128	0.7386669836492168	0.5452548283574542	0.4738903135809504	0.466381243410259	0.5268383688742682	0.33438150866462585	0.3260479960906786	0.3264506001346618	0.33465116923467525	0.3344707915834025	0.49691533285881534	0.5827128338038675	0.2932492311769534	0.5422952926111305	0.4106396295412952	0.5685226432922026	0.6839710703434319	0.7033429691312132	0.40614436876722754	0.6795011449080736	0.4715537935221214	0.6716733249717186	0.2853281022643573	0.2078187315335925	0.5661710740469318	0.8884428673526468	0.0	0.7060467042366143	0.2228828010045898	0.521728123182875	0.9830396029496068	0.5513524736612609	0.7194429216098586	0.19364970101303663	0.7311705148235912
Z5-A	1.1184593149048359	0.2816056245867164	0.41248625355906904	0.18660610849759926	0.3821533605741767	1.1059534192534843	1.0696957251814434	0.8534049043508534	0.12189938313892201	0.4120189275852946	0.16535812240327513	0.14439066570326808	0.10881889228965984	0.2754979533159479	0.7762188535762334	0.5322217726164425	0.13910515579862542	0.322062994316378	0.7021158794058319	0.19486444114380103	0.41691167922386596	0.23751548071712372	0.3296125680878799	0.23859789818004734	1.088803620487891	1.1120254728680627	0.5117602809273347	1.1013719817035104	1.0105231690005334	0.5153596721341525	0.7484877313275373	0.2384600024430678	1.0940950429189187	0.09536428468614523	0.2456946307961665	1.0722794998230045	1.0371058988701718	1.1202753240184453	0.45175049391542954	0.882317610436085	0.9501272114743768	0.8866528573834677	0.945237836037234	0.3465716039321156	1.129574130136	0.6854554087853802	1.1054290093362007	0.9492759498995378	0.24900017274293024	0.10673686435672392	0.14641951872559136	0.4638267402398956	0.1145861562858761	1.048262412725542	0.1723238781155086	0.815735123708298	0.7859523554936235	1.1145576488312205	0.21969377280681948	0.7060467042366143	0.0	0.6916736707289386	0.22146172909420528	0.31777678842111373	0.2022038319862839	0.09927086696374438	0.6718764900303653	0.08527537934443245
Z5-C	0.555507769487667	0.5307090185782947	0.3816529547641813	0.8172361644667443	0.45819844066969023	0.6506926403699271	0.6143741652082435	0.37493423877522153	0.6457580997630372	0.41588346121523473	0.6662896990657464	0.795376725082668	0.7069977989542425	0.9102787266703778	0.28277598521622127	0.2770034288865111	0.7603404132323656	0.44790710892202173	0.192916450694295	0.6488233298209545	0.3893064082040343	0.566920141202717	0.9818139993090877	0.872410551054474	0.6005192982304945	0.6202474069322004	0.3073184168537042	0.567716696848381	0.4962648313529394	0.4415146535927936	0.2268923575844662	0.6277965615808514	0.6147512401622814	0.736046374790992	0.5525850983549452	0.6131491058848405	0.5183160246897902	0.6560308676396549	0.34205874766374617	0.38624452943926746	0.4217549086272988	0.4153548486828488	0.4557971483825979	0.45433347495659687	0.6176246156805344	0.22583876910153863	0.5656248454635467	0.46564242307592146	0.5915753419386811	0.6482884431332063	0.7081946059138793	0.3304815959777846	0.6653940888848896	0.4962166061983913	0.6244704970301456	0.33496701834859555	0.2691583632357815	0.6271575380521668	0.8708273797459284	0.2228828010045898	0.6916736707289386	0.0	0.5355867690848009	0.9685504195943039	0.5405269486792211	0.6693512278799068	0.17120962546755067	0.7016301452453177
Z5-N	0.9646117077050046	0.14528051923178834	0.23865914209792446	0.3703510734082469	0.22956857106946318	0.9461993035095284	0.9120260600160084	0.7258247287920147	0.2201910632373005	0.2705248952325671	0.24691835587880573	0.30356673290843617	0.2968210004224847	0.4549982849906134	0.6487856375977865	0.3679090101804179	0.30415707283467225	0.1865464125658916	0.5435204039690783	0.21427379938776972	0.3002174076626211	0.10912757880717389	0.5028567747013183	0.41718328071936767	0.9306023355344042	0.9560419011583324	0.3527271161996758	0.909556294100061	0.8545864478420552	0.4000280765800487	0.5843863584722975	0.1999421409913023	0.9366820785352994	0.2571566521041522	0.08964996376278284	0.9239523567949721	0.8779677897058296	0.9581945577305377	0.2895182629963341	0.7372385215908868	0.774135295170895	0.7405725480108535	0.7742857334720952	0.21467252081144822	0.9850676631356133	0.5595953922297484	0.9572044969676518	0.8209647722305906	0.0999363672611505	0.21384106849975393	0.2313169172834949	0.3279294307631626	0.18586094933685557	0.8814224640357663	0.20327972303569103	0.6917560243973555	0.6265469057690878	0.979188195122122	0.39216126465278495	0.521728123182875	0.22146172909420528	0.5355867690848009	0.0	0.4956603223796876	0.07845465011856453	0.2304729950501253	0.5098192161248766	0.25074610942527786
Z5-R	1.397592543528423	0.5310519184460759	0.6789630120294027	0.19188601269393601	0.6144743183836601	1.3623669244011491	1.3234930468853523	1.1397008386391723	0.36686513342944016	0.6608306734288902	0.39907349702053957	0.23646699228130114	0.3105763554352351	0.16038732226746666	1.005666064473342	0.7987703797093131	0.21975427555886043	0.6022611711490045	0.9482825079397268	0.43197022534235907	0.6831259175364011	0.48935813257261385	0.08274915852731811	0.12108146186113035	1.3489235504443007	1.3698022438107433	0.7802687485009964	1.3705286512124688	1.2819537285772558	0.7189093240659818	1.0303666780759893	0.49016151973544514	1.3427878798441746	0.27603653027152397	0.5084489217012862	1.343596314113693	1.3008155299147346	1.3679907848363106	0.7423486033687853	1.1615875635368909	1.2143151392511917	1.120186021064828	1.2309668587011737	0.6123777103603232	1.3822568949444567	0.9363299550860896	1.3816403494661007	1.1882144971772652	0.494017220465369	0.364452880391429	0.39473737022783445	0.7272197859483562	0.3808588629130115	1.3166104489286445	0.41213446662927206	1.0846822992431329	1.062679919994113	1.3713033216951165	0.11896846964945221	0.9830396029496068	0.31777678842111373	0.9685504195943039	0.4956603223796876	0.0	0.48650398305315684	0.35583878221504983	0.9498828217577961	0.3074586619773637
Z6-A	0.9603806493386842	0.1475781667775421	0.2572331671891351	0.3611952046841552	0.24886844517244164	0.9646985018518273	0.9287211137306816	0.706609390181594	0.19473137481025915	0.27089641169277756	0.22315801491953638	0.3202277090589157	0.2717146705607713	0.43332923193331135	0.6471292967046902	0.390504232632405	0.2850269308091979	0.18386947043228125	0.5624704790405252	0.2007921099942138	0.2805193384397225	0.11925835897197423	0.49943194396225155	0.39610197898325783	0.9393021512690134	0.9748801596352137	0.3562320297995943	0.9406245664014122	0.8603148053186892	0.3917499072759633	0.6044568160694561	0.17993455019819943	0.9410933557373867	0.25137600554075634	0.10024757769489252	0.9267813668189167	0.888378384436803	0.9795226215751369	0.3052546513429375	0.7469719590133225	0.7919129526158151	0.7452523530927857	0.7909369339211856	0.20991310179254777	0.9822919013207064	0.552066373491922	0.9560769691919128	0.8220310999055886	0.11099198235987558	0.1929538160391352	0.2160983615914342	0.3219561145804024	0.18905801887599835	0.8843376504580825	0.18254457101630878	0.680630019279571	0.648266960349659	0.9903690188783835	0.3940855932748	0.5513524736612609	0.2022038319862839	0.5405269486792211	0.07845465011856453	0.48650398305315684	0.0	0.21997839769147332	0.5174580966348135	0.23915433158565882
Z6-C	1.1338006870800026	0.28914124554996773	0.42073590605522004	0.23724404533916743	0.3888740787005014	1.0941771720835292	1.060006297723782	0.868687381729652	0.12238459999975121	0.4080015935440094	0.16133003396707352	0.1997784392547648	0.11595859068665676	0.3080305882459779	0.7646935878658224	0.5392462953079055	0.18131125229892214	0.3298364840164742	0.7131653557729825	0.19290679437786365	0.4191917494269394	0.23495162481072204	0.3704137164590697	0.27109036723309426	1.0979040723722344	1.1150758120243183	0.5044582851787699	1.1108437786649188	1.0053395376168657	0.517322664051316	0.764571657210464	0.24304199002728036	1.0877105183098466	0.1435294267525807	0.2561977619137389	1.0801969399365108	1.0457694357957739	1.1152615942706987	0.460585773468005	0.8987743412937459	0.9569981600983513	0.8891454987166683	0.9484879545091477	0.3341341781431071	1.1305380536092107	0.6828202544068169	1.105057348282131	0.9495795270376499	0.24013472167459432	0.1141678086241891	0.14445109559665795	0.45160788247420514	0.12070882020095765	1.0457047394436996	0.16691423852760842	0.8337453527376241	0.8012543738816115	1.1231618117727875	0.2696707601112202	0.7194429216098586	0.09927086696374438	0.6693512278799068	0.2304729950501253	0.35583878221504983	0.21997839769147332	0.0	0.6737378609531772	0.13112190156882442
Z6-N	0.5777700311188398	0.4903938699850124	0.3506525313619452	0.8321255492539967	0.4289538049330424	0.5967723400689479	0.5657559550214605	0.34527493920455266	0.6018940635975375	0.3434400226051263	0.5957371804778501	0.7832190019178723	0.7283035260613203	0.8915478508626923	0.24679903827938887	0.24069315999814514	0.7453480093074166	0.40998189663468965	0.1538036107748651	0.6384032279795175	0.34233282884425625	0.5561602342431862	0.962702289771167	0.8582232967913416	0.5960412489421647	0.598388588921409	0.24966306432573773	0.5358364531714488	0.4640847552340371	0.3875793168542344	0.2049537288930222	0.6254370143242731	0.5860328611604576	0.7241272193265054	0.5433726104963109	0.5861618330973087	0.5543268345867081	0.6242957675472814	0.3067113467961515	0.32624242165180506	0.36870454774252476	0.41353969071863106	0.42548369173243566	0.39681777579893984	0.5598935915289908	0.18004090463159086	0.6074123525252872	0.40164541042136104	0.5260662240894298	0.6295445084377407	0.6746284615518421	0.30281803428537674	0.6487463859482119	0.4603854625696446	0.5625875312247951	0.2747057877286506	0.2830588816693528	0.5750884936935668	0.8587285763089323	0.19364970101303663	0.6718764900303653	0.17120962546755067	0.5098192161248766	0.9498828217577961	0.5174580966348135	0.6737378609531772	0.0	0.6920820382436366
Z6-R	1.1346119144801754	0.2828539674694569	0.4311551219021057	0.17797249090415385	0.3898799253955794	1.1550343778397836	1.114545347995779	0.886057438926905	0.1345739697467002	0.4350098724348028	0.17606202263554543	0.15523224876551128	0.11428523825317305	0.25069869774317166	0.7869809900979087	0.5555094663508057	0.11547095504444478	0.33954910932878435	0.697842240905721	0.16300570166866996	0.455107346251872	0.24205594454750004	0.33251354479936723	0.21321909370167358	1.1070628157596687	1.134775951135379	0.5314985057628248	1.10254009428839	1.0339880116578388	0.5187467013998065	0.7917526485405673	0.23693245826149037	1.1209969709465153	0.10504016119251736	0.26240759829528687	1.1163745503640108	1.0388846411985193	1.1615611460444328	0.4734452866845701	0.9001718086294809	0.9600572239965744	0.8748003454993549	0.9687531821922037	0.376238796917995	1.1275776485750042	0.6960133102489986	1.1030501320613173	0.9546072862741168	0.29826045485624697	0.10233956332777315	0.1863388757079834	0.4923839978589212	0.1344461231541287	1.0568037349291464	0.18714841079032113	0.8577325089913567	0.7883987089948915	1.133799061355769	0.22440683530320785	0.7311705148235912	0.08527537934443245	0.7016301452453177	0.25074610942527786	0.3074586619773637	0.23915433158565882	0.13112190156882442	0.6920820382436366	0.0
